    drop database if exists obligatoriobd2;
    CREATE database obligatoriobd2;
    use obligatoriobd2;

CREATE USER 'obligatoriobd2'@'%' IDENTIFIED BY 'obligatoriobd2';
GRANT ALL PRIVILEGES ON obligatoriobd2.* TO 'obligatoriobd2'@'%';
FLUSH PRIVILEGES;

    CREATE TABLE user(
        ci VARCHAR(8),
        email VARCHAR(100),
        password VARCHAR(50),
        PRIMARY KEY (ci)
    );

    CREATE TABLE student(
        ci VARCHAR(8),
        firstname VARCHAR(50),
        lastname VARCHAR(50),
        PRIMARY KEY (ci),
        FOREIGN KEY (ci) REFERENCES user(ci)
    );

    CREATE TABLE admin(
        ci VARCHAR(8),
        FOREIGN KEY (ci) REFERENCES user(ci),
        PRIMARY KEY (ci)
    );

    CREATE TABLE team(
        id INTEGER AUTO_INCREMENT PRIMARY KEY,
        name VARCHAR(20),
        teamImage blob
    );

    CREATE TABLE career(
        id INTEGER AUTO_INCREMENT,
        career_name VARCHAR(100),
        PRIMARY KEY (id)
    );

    CREATE TABLE studies(
        id_career INTEGER,
        ci_student VARCHAR(8),
        FOREIGN KEY (id_career) REFERENCES career(id),
        FOREIGN KEY (ci_student) REFERENCES student(ci) ,
        PRIMARY KEY (id_career, ci_student)
    );

    CREATE TABLE championship(
        id INTEGER AUTO_INCREMENT,
        name VARCHAR(50),
        start_date datetime,
        end_date datetime,
        description varchar(500),
        PRIMARY KEY (id)
    );

    CREATE TABLE stage(
        id INTEGER AUTO_INCREMENT,
        name VARCHAR(50),
        PRIMARY KEY (id)
    );

    CREATE TABLE stage_for_championship(
        idStage INTEGER,
        idChampionship INTEGER,
        FOREIGN KEY (idStage) REFERENCES stage(id),
        FOREIGN KEY (idChampionship) REFERENCES championship(id)
    );


    CREATE TABLE team_participation(
        idTeam INTEGER,
        idChampionship INTEGER,
        PRIMARY KEY(idTeam, idChampionship),
        FOREIGN KEY (idTeam) REFERENCES team(id),
        FOREIGN KEY (idChampionship) REFERENCES championship(id)
    );

    -- Es la agregación de juega equipo con la agregación de etapa con campeonato
    CREATE TABLE championshipMatch (
        id INTEGER AUTO_INCREMENT PRIMARY KEY,
        idTeamA INTEGER,
        idTeamB INTEGER,
        matchDate DATETIME,
        idStage INTEGER,
        idChampionship INTEGER,
        resultTeamA INTEGER,
        resultTeamB INTEGER,
        INDEX idx_match (idChampionship, idStage, idTeamA, idTeamB, matchDate),
        FOREIGN KEY (idChampionship) REFERENCES championship(id),
        FOREIGN KEY (idStage) REFERENCES stage(id),
        FOREIGN KEY (idTeamA) REFERENCES team(id),
        FOREIGN KEY (idTeamB) REFERENCES team(id)
    );

    CREATE TABLE predictions (
        teamA INTEGER,
        teamB INTEGER,
        matchDate DATETIME,
        idchampionship INTEGER,
        predictionResultTeamA INTEGER,
        predictionResultTeamB INTEGER,
        scoreObtained INTEGER,
        idstage INTEGER,
        matchId INTEGER,
        ci VARCHAR(8),
        primary key (ci, matchId),
        FOREIGN KEY (ci) REFERENCES student(ci),
        FOREIGN KEY (idchampionship, idstage, teamA, teamB, matchDate) REFERENCES championshipMatch(idChampionship, idStage, idTeamA, idTeamB, matchDate),
        FOREIGN KEY (matchId) REFERENCES championshipMatch(id)
    );

    -- Predice el campeón
    CREATE TABLE predict_first(
        idTeam INTEGER,
        ci VARCHAR(8),
        idChampionship INTEGER,
        PRIMARY KEY (idTeam, ci, idChampionship),
        -- Podría sacrse  idTeam de la PK, y solucionamos el problema de que un usuario ingrese dos veces
        -- una predicción de campeoón por campeonato.
        FOREIGN KEY (ci) REFERENCES student(ci),
        FOREIGN KEY (idTeam) REFERENCES team_participation(idTeam),
        FOREIGN KEY (idChampionship) REFERENCES team_participation(idChampionship)


    );

    -- Predice subcampéon
    CREATE TABLE predict_second(
        idTeam INTEGER,
        ci VARCHAR(8),
        idChampionship INTEGER,
        PRIMARY KEY (idTeam, ci, idChampionship),
        -- Podría sacrse  idTeam de la PK, y solucionamos el problema de que un usuario ingrese dos veces
        -- una predicción de un subcampeón por campeonato.
        FOREIGN KEY (ci) REFERENCES student(ci),
        FOREIGN KEY (idTeam) REFERENCES team_participation(idTeam),
        FOREIGN KEY (idChampionship) REFERENCES team_participation(idChampionship)


    );

    CREATE TABLE points(ci VARCHAR(8),
                        idChampionship INTEGER,
                        points INTEGER default 0,
                        PRIMARY KEY (ci,idChampionship),
                        FOREIGN KEY (ci) references student(ci),
                        foreign key (idChampionship) references championship(id)
    );

/*
    INSERT INTO user(ci, password) values ('12345678','password');
    INSERT INTO admin(ci) values ('12345678');

    insert into user(ci, password) values ('7654321','password');
    insert into student (ci, firstname, lastname) VALUES ('7654321', 'B', 'B');
*/





    -- Insertar datos para pruebas:
/*
    INSERT INTO team (name) VALUES ('Real');
    INSERT INTO team (name) VALUES ('Barca');
    INSERT INTO team (name) VALUES ('Nacional');
    INSERT INTO team (name) VALUES ('Peñarol');

    INSERT INTO championship (name, start_date, end_date, description) VALUES ('Copa Libertadores', '2022-01-01', '2022-12-31', 'Copa Libertadores 2021');
    INSERT INTO championship (name, start_date, end_date, description) VALUES ('Copa Sudamericana', '2022-01-01', '2022-12-31', 'Copa Sudamericana 2021');

    INSERT INTO stage (name) VALUES ('Fase de Grupos');
    INSERT INTO stage (name) VALUES ('Cuartos de Final');

    INSERT INTO stage_for_championship (idStage, idChampionship) VALUES (1, 1);
    INSERT INTO stage_for_championship (idStage, idChampionship) VALUES (2, 1);

    INSERT INTO team_participation (idTeam, idChampionship) VALUES (1, 1);
    INSERT INTO team_participation (idTeam, idChampionship) VALUES (2, 1);
    INSERT INTO team_participation (idTeam, idChampionship) VALUES (3, 1);
    INSERT INTO team_participation (idTeam, idChampionship) VALUES (4, 1);

    INSERT INTO championshipMatch (idTeamA, idTeamB, matchDate, idStage, idChampionship, resultTeamA, resultTeamB)
    VALUES (1, 2, '2022-05-10', 1, 1, 2, 1);
    INSERT INTO championshipMatch (idTeamA, idTeamB, matchDate, idStage, idChampionship, resultTeamA, resultTeamB)
    VALUES (3, 4, '2025-05-11', 1, 1, 1, 0);

    INSERT INTO predictions (matchId ,teamA, teamB, matchDate, idchampionship, predictionResultTeamA, predictionResultTeamB, scoreObtained, idstage, ci)
    VALUES (1, 1, 2, '2022-05-10', 1, 2, 1, 3, 1, '7654321');
    INSERT INTO predictions (matchId, teamA, teamB, matchDate, idchampionship, predictionResultTeamA, predictionResultTeamB, scoreObtained, idstage, ci)
    VALUES (2, 3, 4, '2025-05-11', 1, 1, 0, 3, 1, '7654321');

    INSERT INTO  predict_first (idTeam, ci, idChampionship) VALUES (1, '7654321', 1);

    INSERT INTO stage (name) VALUES ('Semifinal');
    INSERT INTO stage (name) VALUES ('Final');

    -- Linking stages to the second championship
    INSERT INTO stage_for_championship (idStage, idChampionship) VALUES (3, 2);
    INSERT INTO stage_for_championship (idStage, idChampionship) VALUES (4, 2);

    -- Team participation for the second championship
    INSERT INTO team_participation (idTeam, idChampionship) VALUES (1, 2);
    INSERT INTO team_participation (idTeam, idChampionship) VALUES (2, 2);
    INSERT INTO team_participation (idTeam, idChampionship) VALUES (3, 2);
    INSERT INTO team_participation (idTeam, idChampionship) VALUES (4, 2);

    -- Matches for the second championship
    INSERT INTO championshipMatch (idTeamA, idTeamB, matchDate, idStage, idChampionship, resultTeamA, resultTeamB)
    VALUES (1, 3, '2022-06-15', 3, 2, 3, 2);
    INSERT INTO championshipMatch (idTeamA, idTeamB, matchDate, idStage, idChampionship, resultTeamA, resultTeamB)
    VALUES (2, 4, '2022-06-16', 3, 2, 0, 1);

    -- Predictions for the second championship
    INSERT INTO predictions (matchId, teamA, teamB, matchDate, idchampionship, predictionResultTeamA, predictionResultTeamB, scoreObtained, idstage, ci)
    VALUES (3, 1, 3, '2022-06-15', 2, 3, 2, 3, 3, '7654321');
    INSERT INTO predictions (matchId, teamA, teamB, matchDate, idchampionship, predictionResultTeamA, predictionResultTeamB, scoreObtained, idstage, ci)
    VALUES (4, 2, 4, '2022-06-16', 2, 0, 1, 3, 3, '7654321');

    -- Predictions for the winner of the second championship
    INSERT INTO predict_first (idTeam, ci, idChampionship) VALUES (3, '7654321', 2);

    SELECT
        p.matchId AS matchId,
        tA.name AS teamAName,
        tB.name AS teamBName,
        cm.matchDate,
        ch.name AS championshipName,
        st.name AS stageName,
        p.predictionResultTeamA,
        p.predictionResultTeamB,
        p.scoreObtained
    FROM
        predictions p
    JOIN
        student s ON p.ci = s.ci
    JOIN
        championshipMatch cm ON p.idchampionship = cm.idChampionship
                             AND p.idstage = cm.idStage
                             AND p.teamA = cm.idTeamA
                             AND p.teamB = cm.idTeamB
                             AND p.matchDate = cm.matchDate
    JOIN
        team tA ON p.teamA = tA.id
    JOIN
        team tB ON p.teamB = tB.id
    JOIN
        championship ch ON p.idchampionship = ch.id
    JOIN
        stage st ON p.idstage = st.id
    WHERE
        p.ci = '7654321'
        AND p.idchampionship = 1;

    select c.id, c.name, c.description from predict_first p inner join championship c on c.id=p.idChampionship where p.ci='7654321';
    UPDATE predictions SET predictionResultTeamA = 3, predictionResultTeamB = 1 WHERE matchId = 2 AND ci = '7654321';

SELECT resultTeamA,resultTeamB FROM championshipMatch WHERE id = ?;
*/

-- Inserta datos de ejemplo en la tabla user.
INSERT INTO user(ci, email, password) VALUES
('12345678', 'admin@example.com', 'adminpass'),
('76543210', 'student1@example.com', 'studentpass1'),
('87654321', 'student2@example.com', 'studentpass2'),
('00000001', 'student01@example.com', 'studentpass2'),
('00000002', 'student02@example.com', 'studentpass2'),
('00000003', 'student03@example.com', 'studentpass2'),
('00000004', 'student04@example.com', 'studentpass2'),
('00000005', 'student05@example.com', 'studentpass2'),
('00000006', 'student06@example.com', 'studentpass2'),
('00000007', 'student07@example.com', 'studentpass2'),
('00000008', 'student08@example.com', 'studentpass2'),
('00000009', 'student09@example.com', 'studentpass2'),
('00000010', 'student10@example.com', 'studentpass2'),
('00000011', 'student11@example.com', 'studentpass2'),
('00000012', 'student12@example.com', 'studentpass2'),
('00000013', 'student13@example.com', 'studentpass2'),
('00000014', 'student14@example.com', 'studentpass2'),
('00000015', 'student15@example.com', 'studentpass2'),
('00000016', 'student16@example.com', 'studentpass2');



-- Inserta datos de ejemplo en la tabla admin.
INSERT INTO admin(ci) VALUES ('12345678');

-- Inserta datos de ejemplo en la tabla student.
INSERT INTO student(ci, firstname, lastname) VALUES
('12345678', 'Alice', 'Johnson'),
('76543210', 'John', 'Doe'),
('87654321', 'Jane', 'Smith'),
('00000001', 'Robert', 'Brown'),
('00000002', 'Emily', 'Davis'),
('00000003', 'Michael', 'Wilson'),
('00000004', 'Sarah', 'Moore'),
('00000005', 'David', 'Taylor'),
('00000006', 'Jessica', 'Anderson'),
('00000007', 'Daniel', 'Thomas'),
('00000008', 'Laura', 'Jackson'),
('00000009', 'James', 'White'),
('00000010', 'Megan', 'Harris'),
('00000011', 'Matthew', 'Martin'),
('00000012', 'Emma', 'Thompson'),
('00000013', 'Andrew', 'Garcia'),
('00000014', 'Olivia', 'Martinez'),
('00000015', 'Joshua', 'Robinson'),
('00000016', 'Sophia', 'Clark');

-- Inserta datos de ejemplo en la tabla team.
INSERT INTO team(name, teamImage) VALUES
('Team Alpha', '/9j/4AAQSkZJRgABAQAAAQABAAD/2wCEABQUFBQVFBcZGRcfIh4iHy4rJycrLkYyNjI2MkZqQk5CQk5Cal5yXVZdcl6phXZ2hanDpJukw+zT0+z///////8BFBQUFBUUFxkZFx8iHiIfLisnJysuRjI2MjYyRmpCTkJCTkJqXnJdVl1yXqmFdnaFqcOkm6TD7NPT7P/////////CABEIA1UFAAMBIgACEQEDEQH/xAAbAAEAAwEBAQEAAAAAAAAAAAAABAUGAwIBB//aAAgBAQAAAADZgAAAAAAAAAAAAAAAAAAAAAAAAAAAAAAAAAAAAAAAAAAAAAAAAAAAAAAAAAAAAAAAAAAAAAAAAAAAAAAAAAAAAAAAAAAAAAAAAAAAAAAAAAAAAAAAAAAAAAAAAAAAAAAAAAAAAAAAAAAAAAAAAAAAAAAAAAAAAAAAAAAAAAAAAAAAAAAAAAAAAAAAAAAAAAAEKaAAAAAAAAAAAAAAAAAAAAAAAAB8+gZfUAAAAAAAAAAAAAAAAAAAAAAAAAVFuBg9r3DzUzpQAAAAAAAAAAAAAAAAAAAAAABDz2tB4/PthaCuyV7oQAAD59AAAAAAAAAAAAAAAAAAABnqnbggY7RXxHwdjsvoAABE8gAAAAAAAAAAAAAAACaAAAzVLqbX6KTNX2iM1R6HQAAADB1QAAAAAAAAAAAAAAAA/UQAPHr6FTjbyfejLVF1pjC9LXQgPHsADB1QAAAAAAAAAAAAAAAA/UQAPmau5Y+YXnoeOi9MVEuNN94fn91K0gOedvpAAGDqgAAAAAAAAAAAAAAAB+ogAIuI0t4KzE21xw0T88939pMz2Y0bTBXZLS3IADB1QAAAAAAAAAAAAAAAA/UQACjzNzoZBiK7Se5sz8+k6jza4Ljq4+lPGcorbWgAGDqgAAAAAAAAAAAAAAAB+ogAHzHRbKzt1Hk+2qrrPGSdVEgU3XXQ9EhZKNZ6rsAAYOqAAAAAAAAAAAAAAAAH6iAAOGE7Xfi/5YBe2FHXSdVQ1S0ved3QZn3dW1l9AAMHVAAAAAAAAAAAAAAAAD9RAAHypx0zRQLbGeO2szcGTqqalaRaZqs7aPxowAAwdUAAAAAAAAAAAAAAAAP1EA59AGTopuki0Edo6aLJ1VfnO+roYHLtpoem9kCrWFl9AMHVAAAAAAAAAAAAAAAAD9RAKWRZAc8JFm6T5R1dhA+SdVwyd1HrXbTcLWeh5mpkdZs+99AMHVAAAAAAAAAAAAAAAAD9RAOODvp/PidJ/HEpmk9V9D5ld5ah6cnbTe+VzXU1R7uJWh+gD5hKoAAAAAAAAAAAAAAAAfqIAosvLnS+/TzE51UJN0ld9sPQg0kXtpu+cheCdfRdOAD5lYIAAAAAAAAAAAAAAAA3IA+VWfrTtLnT/WZiJ2g6gfKC1l1mfPd1a1uk6gAAAAAAAAAAAAAAAAAAAAcqulqvj1YT6D3qekTv1PMSV6qbHK+PdpceYei6/QAAAAAAAAAAAAAAAAAAAABXZOGffV5Jg9vEmbHhe+PaVm+lpY/a+Zd/QAAAAAAAAAAAAAAAAAAAAAR67L9ZMnhc/YFFJu5POmrLm095qF27+NDYy/oAAAAAAAAAAAAAAAAAAAB8+/PMOHx5+PcnsKu0caWTae1bXXMpTUoPcybNmzewAAAAAAAAAAAAAAAAAAAhUtVGkSPQB6uwAKuqADl0srm0+gAAAAAAAAAAAAAAAAAAOMODChQ/AE7ShX2ETr2FXaB8jxvvTpJmyQAAAAAAAAAAAAAAAAAAA+fR5iwoVXD8/OuuEPzz6Jnoq58aNGspEyZ7+gAAAAAAAAAAAAAAAAAAAAHzjR+J/Glr9HOcIUP3472XT3zyfn4TtdN+fQAAAAAAAAAAAAAAAAAAAABU1tlFp6/5de7T6gRvP3rZevtDV3EOGfby9nAAAAAAAAAAAAAAAAAAAAAFLw7Udd8S9P8AKS8+nDt9KqidtTxrYEckWl5P+gB8AAAAAAAAAAAAAAAAH0AHytr/ABQcz3qe9JTzb2SHOtl0sFLtpvXnGjx4sXT3/wBAKKOAAAAAAAAAAAAAAAANKAfPqLn4tX7uLL1XWlJTn256ucWDoZ/nOQWu9xvB69xKTcTQDB1QAAAAAAAAAAAAAAAA/UQCsjRayNz0V/185mypKd7uKe+sqOoToVrds5B7buQHxXVemAMHVAAAAAAAAAAAAAAAAD9RAPFLVc599I+qL7VVD3p62muLujqGozHyTfyc5Bt9kAiygDB1QAAAAAAAAAAAAAAAA/UQAfPohU8Oo+6TnYZLlP0lHUdNfmIbTcrDOQdZegABg6oAAAAAAAAAAAAAAAAfqIAA8ZmPTzdbIoPubdtbR1Ei/wDGbbGxoO9HF3UsAAYOqAAAAAAAAAAAAAAAAH6iAAM9WVd/pvdP5pqnroZNPU33SwzMO/1KlgVvvbegADB1QAAAAAAAAAAAAAAAA/UQACuyXnW2ZQyMrG1tjTwKjWWFR1y3ff8ApGz1Te6MAAwdUAAAAAAAAAAAAAAAAP1EABzwthqen0oe2Pmbtl41TuLCg91lNrLw+UWZ2s8ABg6oAAAAAAAAAAAAAAAAfqIADMzrgFAyuqv2ahVP6J0ZvvQct70ELO6z2ABg6oAAAAAAAAAAAAAAAAfqIAHjlIApIOf38pna+Hvj5RRaHS6EPHCUABg6oAAAAAAAAAAAAAAAAfqIAAAq85x3pRVHvYhV5nptgAAGCqwAAAAAAAAAAAAAAAB+ogAAChzei0BXZW30gfMvC2wAAHyn4AAAAAAAAAAAAAAAADQAAAPnDD2Wt+nLAa23BRx9IAAAAAAAAAAAAAAAAAAAAAAAc6CfaAwG1lAqJ0kAAAAAAAAAAAAAAAAAAAAAAAAPmT1oHn0AAAAAAAAAAAAAAAAAAAAAAAABV2gAAAAAAAAAAAAAAAAAAAAAAAAAB8+gAAAAAAAAAAAAAAAAAAAAAAAAAAAAAAAAAAAAAAAAAAAAAAAAAAAAAAAAAAAAAAAAAAAAAAAAAAAAAAAAAAAAAAAAAAAAAAAAAAAAAAAAAAAAAAAAAAAAAAAAAAAAAAAAAAAAAAAAAAAAAAAAAAAAAAAAAAAAAAAAAAAAAAAAAAAAAAAAAAAADAgAAAAAAAAAAAAAAAAAAAAAAAAACsAAAAAAAAAAAAAAAAAAAAAAAAAAAAAAAAAAAAAAAAAAAAAAAAAAAAAAAAAAAAAAAAAAAAAAAAAAAAAAAAAAAAAAAAAAAAAAAAAAAAAAAAAAAAAAAAAAAAAAAAAAAAAAAAAAAAAAAAAAAAAAAAAAAAAAAAAAAAAAAAAAAAAAAAAAAAAAAAAAAAAAAAAAAAAAAAAAAAAAAAAAAAAAAAAAAAAAAAAAAAAAAAAAAAAAAAAAAAAAAAAAAAAAAAAAAAAAAAAAAAAAAAAAAAAAAAAAAAAAAAAAAAAAAAAAAAAfpQAAAAAAAAAAAAAAAAAAAAAAAAAA7gAAAAAAAAAAAAAAAAAAAAAAAAAAAAAAAAAAAAAAAAAAAAAAAAAAAAAAAAAAAAAAAAAAAAAAAAAAAAAAAAAAAAAAAAAAAAAAAAAAAAAAAAAAAAAAAAAAAAAAAAAAAAAAAAAAAAAAAAAAAAAAAAAAAAAAAAAAAAAAAAAAAAAAAAAAAAAAAAAAAAAAAAAAAAAAAAAAAAAAAAAAAAAAAAAAAAAAAAAAAAAAAAAAAAAAAAAAAAAAAAAAAAAAAAAAAAAAAAAAAAAAAAADiAAAAAAAAAAAAAAAAAAAAAAAAAAPzQAAAAAAAAAAAAAAAAAAAAAAAAAAAAAAAAAAAAAAAAAAAAAAAAAAAAAAAAAAAAAAAAAAAAAAAAAAAAAAAAAAAAAAAAAAAAAAAAAAAAAAAAAAAAAAAAAAAAAAAAAAAAAAAAAAAAAAAAAAAAAAAAAAAAAAAAAAAAAAAAAAAAAAAAAAAAAAAAAAAAAAAAAAAAAAAAAAAAAAAAAAAAAAAAAAAAAAAAAAAAAAAAAAAAAAAAAAAAAAAAAAAAAAAAAAAAAAAAAAAAAAAAAAAAAAAAAAAAAAAAAAAAAAAAAAAABZAAAAAAAAAAAAAAAAAAAAAAAAAADfgAAAAAAAAAAAAAAAAAAAAAAAAAAAAAAAAAAAAAAAAAAAAAAAAAAAAAAAAAAAAAAAAAAAAAAAAAAAAAAAAAAAAAAAAAAAAAAAAAAAAAAAAAAAAAAAAAAAAAAAAAAAAAAAAAAAAAAAAAAAAAAAAAAAAAAAAAAAAAAAAAAAAAAAAAAAAAAAAAAAAAAAAAAAAAAAAAAAAAAAAAAAAAAAAAAAAAAAAAAAAAAAAAAAAAAAAAAAAAAAAAAAAAAAAAAAAAAAAAAAAAAAAAAAAAAAAAAAAAAAAAAAAAAAAAAAAAAAAAAAAAAAAAAAAAAAAAAAAAAA/8QAGQEBAAMBAQAAAAAAAAAAAAAAAAMEBQIB/9oACAECEAAAAAAAAAAAAAAAAAAAAAAAAAAAAAAAAAAAAAAAAAAAAAADz0AAAAAAAAAAAA89IpTx6AAAAAAAAAAAK9gqz9xR2QA6AAAAAAAAcgCn1aUZbOfamAFnRAAAAAAAAYoEEvUeXY0M729lXbSL2QFnRAAAAAAAAYoHNGxYpZuvVhu5+lYrc3ALOiAAAAAAAAxQEOdJZq17VG/Q2q9bV6As6IAAAAAAADFHj0q0IL0UuZpQ2aGxNBHPKLOiAAAAAAAAxQp8V/LCtVsw8XZc+3chr6vYWLwAAAAAAADJDyCOCHi3nR8up16CHYmAAAAAAAAAACGnHDFZpSz1NGvLp9gAAAAAAAAAeRxQQQ8PIZ4O+4dCV713LL2AAAAAAAAAPOeOOI/KVXqXyFN5NYnnl6AAAAAAAAAAc5tOzxRms81OtH3qzN6AAAAAAAAAAeY3U8VG1Sed3LFFLLYt9DqQAAAAAAABCPOKaz5i30de0oW7liL3vycWdEAAAAAAABihH5Ix5pKFqloVLdXrRsHnos6IAAAAAAADFAUeLtDixm6OfdvVYNGQCzogAAAAAAAMUCKG17jWb2JpM3TtRQW/QWdEAAAAAAABigcdmXatZN6xQi0uvOewWdEAAAAAAABigBSsS0LUqt3MATXAAAAAAAAGaAOI51ebpw7AAAAAAAAAAAAcdgAAAAAAAAAAAAAAAAAAAAAAAAAAAAAAAAAAAAAAAAAAAAAAAAABaAAAAAAAAAAAAAaAAAAAAAAAAAAAAAAAAAAAAAAAAAAAAAAAAAAAAAAAAAAAAAAAAAAAAAAAAAAAAAAAAApAAAAAAAAAAAAAKQAAAAAAAAAAAAAAAAAAAAAAAAAAAAAAAAAAAAAAAAAAAAAAAAAAAAAAAAAAAAAAAAAAvAAAAAAAAAAAAALgAAAAAAAAAAAAAAAAAAAAAAAAAAAAAAAAAAAAAAAAAAAAAAAAAAAAAAAAAAAAAAAAAAzwAAAAAAAAAAAAFUAAAAAAAAAAAAAAAAAAAAAAAAAAAAAAAAAAAAAAAAAAAAAAAAAAAAAAAAAAAAAAAAAAAAAAAAAAAAAAAH//xAAYAQEAAwEAAAAAAAAAAAAAAAAAAQMEAv/aAAgBAxAAAAAAAAAAAAAAAAAAAAAAAAAAAAAAAAAAAAAAAAAAAAAAAAAAAAAAAAAAACYLKyYAAAAAAAAAAAC+gvq5s7oAEAAAAAAAAEgDTxS1VVbM9YAqygAAAAAAAN4Ftcd66KNlVWzNUsjgFWUAAAAAAABvAnVRXr7zaa4uy1aJzAVZQAAAAAAAG8BZqqi6JGa9kgCrKAAAAAAAA3iUGm2YJgZOLu6qxTmAAAAAAAAbw0uo5tmYlCeK7JychVQAAAAAAAA2BNtlgkCEZeAAAAAAAAAAAt0phMBxm5AAAAAAAAAAWd999ACBzxzXwAAAAAAAAAHXfXfcyIkc188cQAAAAAAAAAAnRaTCSEUVQAAAAAAAAAATq7JiRBMK80COAAAAAAAAFgd39UNUEwmOM/UOqRTmAAAAAAAAbw7mts647TBz1RQAqygAAAAAAAN4DRZmtu574mcll+TgCrKAAAAAAAA3gWW5419ZNlVeqjP3dmAqygAAAAAAAN4HfBqjNsppvuxw65BVlAAAAAAAAbwA01V6aq10VAFdIAAAAAAADUAOrKV9MOnIAAAAAAAAAAADvgAAAAAAAAAAAAAAAAAAAAAAAAAAAAAAAAAAAAAAAAAAAAAAAAAAKQAAAAAAAAAAAAGYAAAAAAAAAAAAAAAAAAAAAAAAAAAAAAAAAAAAAAAAAAAAAAAAAAAAAAAAAAAAAAAAAAXgAAAAAAAAAAAANAAAAAAAAAAAAAAAAAAAAAAAAAAAAAAAAAAAAAAAAAAAAAAAAAAAAAAAAAAAAAAAAAAAzgAAAAAAAAAAAAKAAAAAAAAAAAAAAAAAAAAAAAAAAAAAAAAAAAAAAAAAAAAAAAAAAAAAAAAAAAAAAAAAABpAAAAAAAAAAAAAXAAAAAAAAAAAAAAAAAAAAAAAAAAAAAAAAAAAAAAAAAAAAAAAAAAAAAAAAAAAAAAAAAAAAAAAAAAAAAAAA//EACYQAAEEAgICAgMBAQEAAAAAABUDBAUUAhYAARAgMGBAcKARExL/2gAIAQEAAQIA/h9XX/T8mv8ApdB37yObdT1yyXmm2f6NfLwXftll1yIz9H0g5dxMd+jp9SMU9pLNpyE78uV1lWTT8ZR4RIkSJEiRIkSJEiRIkSJEiRIkSJEiRIkSJEiRIkSJEiRIkSJEiRIkSJEiRIkSJEiRIkSJEiRIkSJEiRIkSJEiRIkSJEiRIkSJEiRIkSJEiRIkSJEiRIkSP4k/03xjX/rO5s+Me/M+u1Tifx5r7lnn136zCHXfSbST9J/NnzPvzJKxeEb8OKvyzX3LvpVVq79O+SDRq5VRavOu/Exmz5Jcx745W77icUvdRReSbIfLNfc3bbvjKY9JRpyOdLJR7rw4zZ8fYR2fJ1zyMx79nsi6eRLH5pr7pMMUlEHaDjzKtuMXLxvFvHOfGfFMYPNZVwvxth16ZZPprDCKY/PNfdZZi0d12cp4nEeNlsclcpdXjPxE9yz/AIhhxh14dvnkgij/AMEUvnmvuq6DhBm8VbovklXafiLXXSXdcZ+H+XiLTzyhMO+PpnPNFFTuNZfgTX3aVZcZvOu+0GckpjxBXruRx4z8S2HiOSkVOlH0nxFFNKOQ/Bmvt3SnwTLHjN5hm4ZuEfEaq8z4z8SeHG6XXTx0qtxBBu3z6ww8uJHOfwn0Jb4pr7dMdMJD3VTeNuM3mGamDqO5HLZd8Z+HOHGGDqQ8IIN271dgz8OXryX502SZdQTVhj38E19uWSyxQmjOc4aLGMJxJ9JMu+uM3mGfHTBRLHDGPTjv9v8AfFFfCCDduqrFts11plxNZZJJYt2LH/Pjmvt8tH4KYPU5HF9irzLBRh0g978M3mOar1OPxw9F2DhpxBBu34/ddqeWzJNJqj8slEggQIECBAgQIECBAgQIECBAgQIECBAgQIECBAgQIECBAgQIECBAgQIECBAgQIECBAgQIECBAgQIECBAgQIECBAgQIECBAgQIECBAgQIECBAgQIECBAgQIF8byKXie+vGDjCTTlE1csXbbw0TRR98sXrFnhyRdeU020b3310kl9/URXhHMP5xyRk888sUkkUe8s36S3nLMhgp311xddTPmGCEWkisumiij+g3cc7ZemecYg6X6YdRXcYg544cdsxWUWgs5QWWQZpReCeanbxtE9dfoRR04lM0sI/CJwinrbDHvtTNTJlgj4z6dYf+kO8M+SCfMHHUimu3l03/Xf37LNSSznCnanbHCNwb+inlRJdgm0Tw8ZtO49JDxLY+2CmEmnPYT+Etgv92cLLyKkh/wC8HOMmWLFixYsWLFma3yyvKdOnTp06dOnTp5pYO0JRBz1390zQzic4BSBzjM0/eOy9UHXHCyCvpI+3eWbzKT6X6adQuEKmz++d45sM4POAcx/SfhHP0ybDqeMdRw9M+Zr5yOctlKJMMIPCMwT/AEGu4UkUmHXS+S6vXTBbx0srKESfcgnK4L4Z8VUyz9Gb5o+/Qj6TwZ9dLvFpLvvka1X6xy767xVY9uil/Bpgn11ySdcSRXY+cc204hI/oGQftWiqziS8s23XSmDd1135yV678vn3huumoqzVis2nlJ2jOtZL77IvWbZ0/UV84YNkOPn3Gz1B16qK5OEWbxn4bOepBNfmaWUflFZRObHvqKk/ieTWybJsmybJsmybJsmybJsmybJsmybJsmybJsmybJsmybJsmybJsmybJsmybJsmybJsmybJsmybJsmybJsmybJsmybJsmybJsmybJsmybJsmybJsmybJsmybJsmybJsmybJsmybJsmybJsmybJsmybJsmybJsmybJsmybJsmyfI6dI9OpHiSKMEnBOGjBvx8+9EO7xTKWUk+1GjzmWLxn4jXSsN3F/8uf8AMeHcRvfGLn4Zr7cvKdzyk5m4WcJptINNLnfFVOPn3jBNNlnnF58lvKyHGsljnli8Z8QXbr+76OiO/hmvt2aa8GpCdRCEC3a+ZR0gi+feOkkG8qtyJz5LeVUPDdy3eZYvGfIh/wDAs2+Ga+7PnbJB8+5jixheZdrKcjc+S3hLrj5HwjHYuu+njPkO/wDwZr7rll1k+fcaMWbBwrG4SKvhDLkt4bN2K0gh4hM1kFWqS7xmkozdfgTX3WTcOnXXTGGww5NKJYSqnEUnzBLOW8QOC+HHrfkCt4dxeLp4zjnvXfzzX3SRe5LNmrKN8zXh5nyHZPU4/OW8QOD9qxXdt++mi+OXhy1WQWRhX3zzX3NVR46Yw6SPpL8yy77j23XO+o7kt4i8OSbVBaSa8hXfnvp7Ed9MHnzTX3OSWYxXtM8eZcgUPH+S3Ouk8PDtois9atl01PR2xxTwz+Wa+5KYIN/edwkVOM0fEj1LcY4ejuNxWUTgnHrli3b/ACzX3uY49zYI+ZzGV7hMPV/HOe4fP8Sa+9zaq6kG18yqbvOAw9plGHw/EdQ2u67ruu67ruu67ruu67ruu67ruu67ruu67ruu67ruu67ruu67ruu67ruu67ruu67ruu67ruu67ruu67ruu67ruu67ruu67ruu67ruu67ruu67ruu67ruu67ruu67ruu67ruu67ruu67ruu67ruu67ruu67ruu67ruu67ruu/iuHDhzHxPXXlXDPKFw9p3qAQ/RqmazFrF+z3Bmn7TODVD9LSqHv3j+l3SH6f76/hCMGDBgwYMGDBgwYMGDBgwYMGDBgwYMGDBgwYMGDBgwYMGDBgwYMGDBgwYMGDBgwYMGDBgwYMGDBgwYMGDBgwYMGDBgwYMGDBgwYMGDBgwYMGDBgwYMGDBgwYMGDBgwYMGDBgwYMGDBgwYMGDBgwYMGDBgwYMGDBgwYMGDBgwYMGDBgwYMGDBgwYMGDBj+uCrVq1atWrVq1atWrVq1atWrVq1atWrVq1atWrVq1atWrVq1atWrVq1atWrVq1atWrVq1atWrVq1atWrVq1atWrVq1atWrVq1atWrVq1atWrVq1atWrVq1atWrVq1atWrVq1atWrVq1atWrVq1atWrVq1atWrVq1atWrVq1atWrVq1atWrVq1atWrVq1f6QLFixYsWLFixYsWLFixYsWLFixYsWLFixYsWLFixYsWLFixYsWLFixYsWLFixYsWLFixYsWLFixYsWLFixYsWLFixYsWLFixYsWLFixYsWLFixYsWLFixYsWLFixYsWLFixYsWLFixYsWLFixYsWLFixYsWLFixYsWLFixYsWLFixYsWLFixYsWLFixY/rgECBAgQIECBAgQIECBAgQIECBAgQIECBAgQIECBAgQIECBAgQIECBAgQIECBAgQIECBAgQIECBAgQIECBAgQIECBAgQIECBAgQIECBAgQIECBAgQIECBAgQIECBAgQIECBAgQIECBAgQIECBAgQIECBAgQIECBAgQIECBAgQIECBAgQIECBAgQIECBAj+4D/xABCEAABAwIDBAcECAYCAgIDAAABAAIDBJIFU1QRIVKREBITMTJBcSAiUXIUJTAzQmBhgSMkQENicKChNNFjgrGywf/aAAgBAQADPwD/AIPvZ1VJFmdf/of6g6uKU5y+r/pjt8TmYPDHER9h2lbOf89lq7WCJ/EwH2msBLiAB5lUsRIZtkd+inkZ15mBhPcwd49f9HfRqWWTzA3epX83J+sXthjXOPcBtRlkPxcSV16CL4tJb7MVG3iee5qqKpxMr93D5BBgFRKPePgH+j9kMEfE4m1djVwPPhcSw+32dDUH/DZcv5mH5l1RVQ8EnsNpoHyu/CE+eR0jztc5CarjhcNzB13/ANPSRPLJJ2NcPIlUOpiuVDqorlQ6qK5UOqiuVDqorlQ6qK5UOqiuVDqorlQ6qK5UOqiuVDqorlQ6qK5UOqiuVDqorlQ6qK5UOqiuVDqorlQ6qK5UOqiuVDqorlQ6qK5UOqiuVDqorlQ6qK5UOqiuVDqorlQ6qK5UOqiuVDqorlQ6qK5UOqiuVDqorlQ6qK5UOqiuVDqorlQ6qK5UOqiuVDqorlQ6qK5UOqiuVDqorlQ6qK5UOqiuVDqorlQ6qK5UOqiuVDqorlQ6qK5UOqiuVDqorlQ6qK5UOqiuVDqorlQ6qK5UOqiuVDqorlQ6qK5UOqiuVDqorlQ6qK5UOqiuVDqorlQ6qK5UOqiuVDqorlQ6qK5UOqiuVDqorlQ6qK5UOqiuVDqorlQ6qK5UOqiuVDqorlQ6qK5UOqiuVDqorlQ6qK5UOqiuVDqorlQ6qK5UOqiuVDqorlQ6qK5UOqiuVDqorlQ6qK5UOqiuVDqorlQ6qK5UOqiuVDqorlQ6qK5UOqiuVDqorlQ6qK5UOqiuVDqorlQ6qK5UOqiu/pf/ABj8y7UOi7id7PmCFQ0RS7pme11aRrOKRfzMPzLssVnZxs9j7mAfMV2tRG3yLltq64/B39P9ZT+jfzk2Npe7c0d5+CBAIII9ozUbiO+P3kWkEbiDtBTa2Ns8bupO1EPEFWOo/i9nbLBH8Gkr+Zh+ZdlidJJxe77HbVsx8gerats7jwtXUxKrZxN632LHOe1p2lvf+h+2+sp/Rv5yBBBG0FT4TPsG19O/uaoKpnWjd6jzHs7QQUaSpcweA72J1PKHfhO5wUNVGNoBB3tcFLQPEFSS6I+B6BG0bx09evk+DQGr+Zi+ZFrIpR3skQc0Edx6BBBJLwtW0kle7K70C6mMR/5sPtsiYXvcGtHeSp6yUU9JtaHfjTKaFsTO4fbfWU/o385sqoXRO/Y/AqejnIBLJGFMl2Mn2Mf8fI+z9Kpj1R77N7ejqOELzuPhTJoyx43FPpZvoc53H7t3T2s8z+J5K/mYfmXXpZOa7Sip3f4AcujYxkA8/ed0dWlB4nEr62pPl9qCkBB95/CFPVv2yO3eTV9Gi7R4/iP+3+sp/Rv507aPt2D32DmEwe7I0lh5j0VRQhu0mamPcVDUM68TwR7H0erdwv8AeHR28Ww+Nu4oTxEDxt3tRqYdj/vY9zl2VPM/hYT0fzMPzLrse34tI5rbSFnBIUyGN0jzsa0bU+omfK7vcejs4Im/BoXWxinHwYfYaxpc4gAd5K746a9STvO8/Fzj/wDkoTzdsQeyjNx/oPrKf0b+dfo0vaMH8N55FGAlrt8Z7wnxkVFDJs/x8imTnspR2c3T16USZbugwSteP3HxCDmhzd4I2go0VZHUjwP3SINoH7D4yAOj+Zh+bo7OsrIv3C+kP7GM/wANpuPR2ksbPi4Do7XFJ3+TGbOmCkbtkO/yaFPWO947GcAT53hjAuvIyhg9ZXpkEbI2DY1o/oPrKf0b+dWVET4n9xT6aZ8T+8J1O7Yd7D3hQVcYda8KpoSI6kF8Xk9RzMD43BzT5hdrSzs+LD07WmE+W8ITxPYfNOkooad3ijeej+Zh+bofDUvLCR2kew9PWnL+BqDGOce4DbyR7GWY98knQ1m2Om2Odxp8jy97i5x8ypJ3hjAmUEAZHvkcvosO1/3r97v6H6yn9G/nb6VF12fes6HU7th3sPeFHMwHc5jlUUbzLSO3ecahqh1T7knAV1Xub8HEdBhlY8eRQcAR3EbQmtqnbPMAno/mYfm6Pun9PZ04Pm/eurB1B4nnYoMOpImyOA2N5lTVe1o2si4eh87wxgUNHCfgN7inVU5rJR7o3Rj+i+sp/Rv5uZ1yzb7wG3Z+n2PZP+kMHuPO/odTu2Hew94TXtDmkEFRz+8Pdk4gpoXntAdp8/j09pAG+bF16mU/5bOXR/Mw/N0dalJ4XA9BmmYz4negAAO4L+ba5oDhF3eqlmeXyPLndD53hjAmU7A1v7lOr6ptMwns2b3lNjY1jQAGjYB7FLTbnyAu4RvKH4Kc3Ljp+TlRT7hJ1D8HfZ/WU/o383SRshqoiQ+NyjrGcMg72/YMljcx42tcNhT6Wd0bvUH4jodTu2Hew94TXtDmkEFMkaWvaCCnxbXRbXN6OynIPc5pXWJJ7ydvR/Mw/N0deCUf4noZBC6olIG3cE+ba1m1rOl87wxgTKdga39ynRtEce+V+4JtJAG/jO956aelbtkeAeHzVRPtbGTGzocGB8hDG+W3vPoFNP8AcwPcOJ24KsPe6ILEqXwTxlvCdpCeWgP2A/pvH2P1lP6N/NzZonxu7nNIUlNOWklr2O7wpGNH0mMuGYxUGYbSqJuY5Od93RyOVZoSqgeKheqY7nskYqObwTtQrIN3jbvaiCQQQQdhHQ6ndsO9h7wmvaHNIIPRHN7zPdepIXlrwQU952NaXH9N6q3f2+ZVWxwe0sBCxRnkx6lj3T07gPiEATs7k+QjrHu3AeQHS+eQMYEynYGt/cpsMbnu7gnSvNbMN58AUEfjlY31ICoo/C4vP6BVMu6ICMJziXOJJJ3kqSZ4axpJUFDGZZdj3p1S4VVUNvAxbPtPrKf0b+bzO3tohtkAuCkiJLXEFAfeU8T/ANgFSD+0WegVK7+7zUb/AAvafQ7ehrtzmghUsn4Or8qrqb/x6gkcDlK+Xryw9R579ncel1O7Yd7D3hMewPa4FpG3anyPMVK3rHiTSevO8yPTWABrQB8B7MEu8N6jviFLTn3htbxDofO8MYEynYGt/c9HbSdVp9xqkIAL3EevsSVG/wALPioaaM7AGgbyU7EantXg9hGdw4vtqyprZZYw0sOxYhwsuWIcLLliHCy5YhwsuWIcLLliHCy5YhwsuWIcLLliHCy5YhwsuWIcLLliHCy5YhwsuWIcLLliHCy5YhwsuWIcLLliHCy5YhwsuWIcLLliHCy5YhwsuWIcLLliHCy5YhwsuWIcLLliHCy5YhwsuWIcLLliHCy5YhwsuWIcLLliHCy5YhwsuWIcLLliHCy5YhwsuWIcLLliHCy5YhwsuWIcLLliHCy5YhwsuWIcLLliHCy5YhwsuWIcLLliHCy5YhwsuWIcLLliHCy5YhwsuWIcLLliHCy5YhwsuWIcLLliHCy5YhwsuWIcLLliHCy5YhwsuWIcLLliHCy5YhwsuWIcLLliHCy5YhwsuWIcLLliHCy5YhwsuWIcLLliHCy5YhwsuWIcLLliHCy5YhwsuWIcLLliHCy5YhwsuWIcLLliHCy5YhwsuWIcLLliHCy5YhwsuWIcLLliHCy5YhwsuWIcLLliHCy5YhwsuWIcLLliHCy5YhwsuWIcLLliHCy5YhwsuWIcLLliHCy5Yhwsu+0gqiXt9yRVsP8Ab64+LUWkhwIPwPTPH4ZHBVDfF1XKF3jDmKOUbWPDk1wLXAEEbwjTykfhO9vTPPtia8iPvco4GBrG/wDs/YBwLXAEEbwV2O2SPez/APVQtgBi3g956OzZ2TT7zvYfI4NY0kprPem3nhTWtJJAACkxObs4yWwN8bkyGNsbAA1o2D/QEUo2SRtcP1CpJPBtjKq4d7QJG/p7DmkFpIKmZueA8Knr4iwOAf5A94TmOLSCCDsITppGsb3lMgjaxqDQS4gD4lUrT94D6AlRTDax4PsNYCXOAAVJt2dp/wBKOQbWPDkCCCAQUaCpA/syHkmwROeU6R7nuO0noe8gNaSU875jsHwCjhbsjaAFHA3rPcAqnE3ecdODco4I2xxt2NH+hKerBJHVfxhT0b9jxtb5O9lzyC47T8V1YzKe93cpYgGxROc53IKpnIdUSqn43osIdDM5rk/riGcdWTyPk7obCBuLnu8LQqipIfUSbPg0Kn4npzT1oZiCqtjxFPE4/B4CE8LmefePVSSBjX/gGxSz+EtA9VE3fI4uTIxsY0NCZG0l7gApZ3GOkiLzxL3u1qn9o/4IAADu/wBC00XjmY31cFhr2FjyZAfIBB8h+jskLPLaN6qnfg2epAUh8UjQoB4nucoIuxjiYA57kGNa0dwGwIAEkgBTzPYxm2Njtu/8RAR67t7jv7yVPM9wZI5uxqdKwdswddjv+x5joY3bIWgua391V9j20jyNrvAPIFFVEbIXMeXtePA74hB42gEfEHvHR2dS74O97onZ4ZXc1VgeMclGZOvUtfL/APbYsOY0MDDEPRUcnhnYgRtBB/P7GDa5wA/VUMffUM/beqYbmMkeVXSfdUdyxeXvlZGppfvquRypW97S71KgZ4Ym8vZ6+JxDhb09YhzXdV47iqkylwjB28JVSWCMFsTPPYdrihGxrASQB0zsc8xPDmu72PVSX7oiB8wRAZ2hHujY1o7h0/dO9R7cjDtY9zT+h2Kvj7p3H13qqb4443KE+OF4VA/+7s9QoZPBKx3oQfzvVs+6pQ//AO4CxZvfT9QfIVWyeKof+25Ana8Fx/UqJndTMPrtKe3wwsClymqXLapctqlymqXLapctqly2qXLapctqM9cZCACWfbfwY/nVVlOVVkuVVkuVVkuVVkuVVkuVVkuVVlOVVlOVVlOVVlOUkfiGz9wqqLwTyD91irvCDKPk/wDSxB/jov364COzeNh/OsMvjjY71AKoHj7rYf0UJ8EzwqkeCRjlXR98BPpvUjDsexzT+o2fYbKtn6g+1E8yyPlA97YAT3AdEXUkHahr2oTQsePMb/Z6zqaPif7TW73EAKlZ3zN/beoO5jHuKr5fuqNw+ZYvL3vjjUj/AL6reVQs72uf6lUsXggjH7fn0EbCFRyeKnYqJ3h67E78E9wU1INsjo7k9wJDXEfEDp7OVj+FwK27D7D5iTLK7ZwN3BUmzwHmqlu5lU4NVP3vDnu8ySmx74ZHxnmE/qjr7Ot+nsdtiTB5RtULPFI0epVK38Zd6BM/BEVUO7g1qralgea0dU8Cg75JZHlUMfdA0+u9RsGxjGt9Bs/0JDTsL5XhoVXVktpWdRnGVGCXykyP+JQAAAACpmj+N1P3VAfBASbUXOAaDvO4LtIA0+JnunpHVLyCGnw7iSR8VG3cxjieSq3HaAOSqRuMTeRVZt7has2O1MkbtZt2+QIIQe3aOR8j0Nijc89zQnve53m47T7M1G/3d7PNqgq27Y3b/Np7x/oVsB7KIdeYp8z+2q3l7+FAAAAABQQbi7a7hCnk3M9wIkkkkno/vvHyI0dSJ2j3H7nhBzQ4EEHeCgQQUCCCAQj1uvBIWO5hYhBufEHft/6U2SFWSbo4ByKqJyHVMh+UJkY2NaAgNuzzO09HaOELDub3rYQQoK6Pb4JR3kKeH8PWb8R7DmODmuIIO4jcVKzY2dvXHEFST+CUA8J3H/QTmO+jU++Y954U2AEn3pD4nKOFvWe4AKSX3Y/cb/37BqJdn4BvcgAAAAAmyMcxw2gptLK6Ev60W3cfggQCCCCNx9iQHYIHkerf/a2gHYR7HUBiiPveZ+HS6CVrwmyMa9u8FQTeJm/4hO74pLlUx+KJ3qN/sVMP3czmqobulY16parcx+x/C78/fRYtjd8r9zQuxaXv3yv3uJTIdrWe8/8A6CklcXPcSfYc9zWtG0lNp4gwd/eT0bdsUR+Z3RJT7vEzhKhnHuu38J7/AGo4m7XuACnqyWU4LWeb1DDGWbA7b4iU6ndtG9h6aiNzWRnvO5p7kGO6lRE6Nyil8D2nojk8bGu9QqV34CPQqL8MjgpR4ZGlVTP7ZPpvTmnzBBRlIgnPv/hd9mykqHwmAuLVFpnXKLTOuUWmdcotM65RaZ1yi0zrlFpnXKLTOuUWmdcotM65RaZ1yi0zrlFpnXKLTOuUWmdcotM65RaZ1yi0zrlFpnXKLTOuUWmdcotM65RaZ1yi0zrlFpnXKLTOuUWmdcotM65RaZ1yi0zrlFpnXKLTOuUWmdcotM65RaZ1yi0zrlFpnXKLTOuUWmdcotM65RaZ1yi0zrlFpnXKLTOuUWmdcotM65RaZ1yi0zrlFpnXKLTOuUWmdcotM65RaZ1yi0zrlFpnXKLTOuUWmdcotM65RaZ1yi0zrlFpnXKLTOuUWmdcotM65RaZ1yi0zrlFpnXKLTOuUWmdcotM65RaZ1yi0zrlFpnXKLTOuUWmdcotM65RaZ1yi0zrlFpnXKLTOuUWmdcotM65RaZ1yi0zrlFpnXKLTOuUWmdcotM65RaZ1yi0zrlFpnXKLTOuUWmdcotM65RaZ1yi0zrlFpnXKLTOuUWmdcotM677WKkiMkh9B8U6SR1bUkDhB8gnSbWQ7m/Holmd1Y2Ocf0VS/fK8MVI3xl71htHC6UwNXfO9oDneEDcAOjbtiiPzO9gt+IKxARNfG4SNPkVUM+8pXeoUQ74npv4YeZVQ/uLWpznhziXH9VDK0M2BjuHoa9pa4Agp1O7a3ew9MdbAYZ2tc9nEqN+9gdGf0Kr4vuau5Yyz+2x6xfSsWMv/ssasUf46ljfRVOveq9g72TgXIxvBb1muaf3BCFVTRyefc71+y+sp/Rv5uipnbJYZgqTyZKpXbooQ39XlNc/tZ3maTyHc0KWc7Xu9B5BPleGMaXOPkF3PqbAo4mhsbA0fAdGwElHEqv/AOCI3dG3bFEfmd0vkcGsaSSo6aMzT7HOaO5Oe9znHeTtK20xHC49H8SP5enq0dPIB8QehzNjJt44k17Q5rgQe4hNe0tcAQQnU7to3sPQ+nlZKzvamVMLJGdx+wirG8Mg7nKSmq5aWUbCR9l9ZT+jfzcyRpa9oc0+RVO/fE4xnmFXM8IY9Yhki4J3fPLYoKZvViYG+w5xFHD43+NNgjaxq27Yoj8zumQ9T3T752N/VRwMAaN/mVvbCPU9HvSs+IB6P4kfy9PWo+y8wwcx0y07trDu8wVFUDdudwlNe0tcAQU6ndtbvYej6JOGv+6efsWSvjk7nxu2tP2X1lP6N/OzaSAvPiO5oTgDPLvlk3rbtiiPzO6HPcGtaSSdwCA2SVNiFRicjh4IR1WoNaSe4DaUZZXvPmejq1TRxAjo/iR/L0NMjOt4esNvR2NQ74O94dMVXQwSsPUmDfEpaZ4hq2kHyemSMIIDmuCdTu2jew9HbM+jyH32D3f6L6yn9G/nVrGlzjsAG0lOxGrMzvuY9zAtu2KI/M7onrHbGN2N83FQUbfcG1/m8rsYJZOFpK6sHXPe9xK7OmcPN+7p6k0b/IOHR/Ej+XofUyFjeFx5LtoG8TfdK7WAuHiZv6etRBvA8hRTsLJGBwVVhxL4dskHCoKuMgb+JpTqd21u+Mp8UjZGHY5p2hMqoGyN/cfA/wBD9ZT+jfzq6eUUUPrIU1kf0eDc0biUSQACSSnP2SVO4cCZG0NY0Bo7gOjqURbxvAXZxMZ8GgLbKxnC3ofNI2Ng2uco6bDNjO9r2ucV14o3fFoK/iR/L0bZ5n8LF9BxDb3RTdHYTEDwu3jo2Syw8QDulr3GWnPZyogmnrGdV3/RToHdZu+M9xRpJgT927c5AgEHcf6D6yn9G/nQUkO77x25gRjY5jXEvfvkf/8AxTVT+rG31PkFBSAO8cnF7G19FHxPPR16mU/5bOXR2MPbPHvv/wCmrtKSdvxYV1qVn6EhfxI/l6NlNI/iehV07o/xd7SjIwxv3SR7ihURFv4hvaiCQQQQUaeoil4XIOAcN4I2g9MNUzqyN/8AYVTQAhw7amKYPfid1ozzb+hW0fRpD8n9B9ZT+jfzmyKNz3kBrRtJT6ucyH0aPgFJNsfPtYz4eZUcLAyNga0eQ9nZW0PzLqtc74DatpJ+JX0qqYw+Eb3eg6NoXUNRDwSL+JH8vR2dDAPi3bd0Pif9MgG8eMJk8Ye1d87B8/QJYewd4o/Y27QQu+SkIB82eRUkEu8Fj2nkU2rgD/xjc8fb/WU/o385y1s/0SnBIaffUVLsfJ78vt7JaJ/weV1aWY/47OfR1YZJuM7B09li1Q3jG1fxI/lW0gAbyUI42MHc1oHTJQyGpphtiPjYoqhm1u8eYKNPJu8Du5Ppp2St8kyVjXsO1rhtHswVbdjxsd5OCqcIqQ8guiO4kJsjWvaQWkbQftvrKf0b+cnPjc1r+qSPEO8KKmZ1ImgD7Amka7hkC/k2/wCZb0dhSwx+YaNvT2eJUsnEOqv4kfyrtKynb/mDy9l8b+3o9zvNijrWOglHUk+CdG9zHd4W1j4D+He32mvaWuAII3goU4c1h9zybw/bfWU/o389/V83q1bYaVnwiBXb1cLPLbtPoPY2QwS8Ei2vhI4V1q3bwMJ9plUOuz3Zh3OTpmFzxslj916La+IcQcP6X6yn9G/nv3Iqcd73LtJCR3Dc30CLGOncN79zfY69BPcuvFSn/wCNbp5PQe32VSyUd0rS0rrV8X6Bx/paeqnfM+SQFypM2ZUmbMqTNmVJmzKkzZlSZsypM2ZUmbMqTNmVJmzKkzZlSZsypM2ZUmbMqTNmVJmzKkzZlSZsypM2ZUmbMqTNmVJmzKkzZlSZsypM2ZUmbMqTNmVJmzKkzZlSZsypM2ZUmbMqTNmVJmzKkzZlSZsypM2ZUmbMqTNmVJmzKkzZlSZsypM2ZUmbMqTNmVJmzKkzZlSZsypM2ZUmbMqTNmVJmzKkzZlSZsypM2ZUmbMqTNmVJmzKkzZlSZsypM2ZUmbMqTNmVJmzKkzZlSZsypM2ZUmbMqTNmVJmzKkzZlSZsypM2ZUmbMqTNmVJmzKkzZlSZsypM2ZUmbMqTNmVJmzKkzZlSZsypM2ZUmbMqTNmVJmzKkzZlSZsypM2ZUmbMqTNmVJmzKkzZlSZsypM2ZUmbMqTNmVJmzf00dNE6SQ7gnzzPld3u/6CfMRJMC2Ph4kGgAex2kUjOJpHNbY2NPe0kLqULTxvcfbH0WN3wlX3s5+Uf6ODGl2wnZ5AbSVX4hL15iImeTVS02x2wvfxO9vs6udvwkK7KlgZ8GD23SUrGN73StCbTwRxD8I/0v1sUY3N6n/r7BruqSNvVO0f6Y7Svon8Jft/1AP+CHiWoNoWJag2hYlqDaFiWoNoWJag2hYlqDaFiWoNoWJag2hYlqDaFiWoNoWJag2hYlqDaFiWoNoWJag2hYlqDaFiWoNoWJag2hYlqDaFiWoNoWJag2hYlqDaFiWoNoWJag2hYlqDaFiWoNoWJag2hYlqDaFiWoNoWJag2hYlqDaFiWoNoWJag2hYlqDaFiWoNoWJag2hYlqDaFiWoNoWJag2hYlqDaFiWoNoWJag2hYlqDaFiWoNoWJag2hYlqDaFiWoNoWJag2hYlqDaFiWoNoWJag2hYlqDaFiWoNoWJag2hYlqDaFiWoNoWJag2hYlqDaFiWoNoWJag2hYlqDaFiWoNoWJag2hYlqDaFiWoNoWJag2hYlqDaFiWoNoWJag2hYlqDaFiWoNoWJag2hYlqDaFiWoNoWJag2hYlqDaFiWoNoWJag2hYlqDaFiWoNoWJag2hYlqDaFiWoNoWJag2hYlqDaFiWoNoWJag2hYlqDaFiWoNoWJag2hYlqDaFiWoNoWJag2hYlqDaFiWoNoWJag2hYlqDaFiWoNoWJag2hYlqDaFiWoNoWJag2hYlqDaFiWoNoWJag2hYlqDaFiWoNoWJag2hYlqDaFiWoNoWJag2hYlqDaFiWoNoWJag2hYlqDaFiWoNoWJag2hYlqDaFiWoNoWJag2hYlqDaFiWoNoWJag2hYlqDaFiWoNoWJag2hYlqDaFiWoNoWJag2hYlqDaFiWoNoWJag2hYlqDaFiWoNoWJag2hYlqDaFiWoNoWJag2hYlqDaFiWoNoWJag2hYlqDaFiWoNoWJag2hYlqDaFiWoNoWJag2hYlqDaFiWoNoWJag2hYlqDaFiWoNoWJag2hYlqDaFiWoNoWJag2hYlqDaFiWoNoWJag2hYlqDaFiWoNo/wCXDTZEdoVNkR2hU2RHaFTZEdoVNkR2hU2RHaFTZEdoVNkR2hU2RHaFTZEdoVNkR2hU2RHaFTZEdoVNkR2hU2RHaFTZEdoVNkR2hU2RHaFTZEdoVNkR2hU2RHaFTZEdoVNkR2hU2RHaFTZEdoVNkR2hU2RHaFTZEdoVNkR2hU2RHaFTZEdoVNkR2hU2RHaFTZEdoVNkR2hU2RHaFTZEdoVNkR2hU2RHaFTZEdoVNkR2hU2RHaFTZEdoVNkR2hU2RHaFTZEdoVNkR2hU2RHaFTZEdoVNkR2hU2RHaFTZEdoVNkR2hU2RHaFTZEdoVNkR2hU2RHaFTZEdoVNkR2hU2RHaFTZEdoVNkR2hU2RHaFTZEdoVNkR2hU2RHaFTZEdoVNkR2hU2RHaFTZEdoVNkR2hU2RHaFTZEdoVNkR2hU2RHaFTZEdoVNkR2hU2RHaFTZEdoVNkR2hU2RHaFTZEdoVNkR2hU2RHaFTZEdoVNkR2hU2RHaFTZEdoVNkR2hU2RHaFTZEdoVNkR2hU2RHaFTZEdoVNkR2hU2RHaFTZEdoVNkR2hU2RHaFTZEdoVNkR2hU2RHaFTZEdoVNkR2hU2RHaFTZEdoVNkR2hU2RHaFTZEdoVNkR2hU2RHaFTZEdoVNkR2hU2RHaFTZEdoVNkR2hU2RHaFTZEdoVNkR2hU2RHaFTZEdoVNkR2hU2RHaFTZEdoVNkR2hU2RHaFTZEdoVNkR2hU2RHaFTZEdoVNkR2hU2RHaFTZEdoVNkR2hU2RHaFTZEdoVNkR2hU2RHaFTZEdoVNkR2hU2RHaFTZEdoVNkR2hU2RHaFTZEdoVNkR2hU2RHaFTZEdoVNkR2hU2RHaFTZEdoVNkR2hU2RHaFTZEdoVNkR2hU2RHaFTZEdoVNkR2hU2RHaFTZEdo/5IMGay4KDNZcFBmsuCgzWXBQZrLgoM1lwUGay4KDNZcFBmsuCgzWXBQZrLgoM1lwUGay4KDNZcFBmsuCgzWXBQZrLgoM1lwUGay4KDNZcFBmsuCgzWXBQZrLgoM1lwUGay4KDNZcFBmsuCgzWXBQZrLgoM1lwUGay4KDNZcFBmsuCgzWXBQZrLgoM1lwUGay4KDNZcFBmsuCgzWXBQZrLgoM1lwUGay4KDNZcFBmsuCgzWXBQZrLgoM1lwUGay4KDNZcFBmsuCgzWXBQZrLgoM1lwUGay4KDNZcFBmsuCgzWXBQZrLgoM1lwUGay4KDNZcFBmsuCgzWXBQZrLgoM1lwUGay4KDNZcFBmsuCgzWXBQZrLgoM1lwUGay4KDNZcFBmsuCgzWXBQZrLgoM1lwUGay4KDNZcFBmsuCgzWXBQZrLgoM1lwUGay4KDNZcFBmsuCgzWXBQZrLgoM1lwUGay4KDNZcFBmsuCgzWXBQZrLgoM1lwUGay4KDNZcFBmsuCgzWXBQZrLgoM1lwUGay4KDNZcFBmsuCgzWXBQZrLgoM1lwUGay4KDNZcFBmsuCgzWXBQZrLgoM1lwUGay4KDNZcFBmsuCgzWXBQZrLgoM1lwUGay4KDNZcFBmsuCgzWXBQZrLgoM1lwUGay4KDNZcFBmsuCgzWXBQZrLgoM1lwUGay4KDNZcFBmsuCgzWXBQZrLgoM1lwUGay4KDNZcFBmsuCgzWXBQZrLgoM1lwUGay4KDNZcFBmsuCgzWXBQZrLgoM1lwUGay4KDNZcFBmsuCgzWXBQZrLgoM1lwUGay4KDNZcFBmsuCgzWXD/lw4jpzzCxHTnmFiOnPMLEdOeYWI6c8wsR055hYjpzzCxHTnmFiOnPMLEdOeYWI6c8wsR055hYjpzzCxHTnmFiOnPMLEdOeYWI6c8wsR055hYjpzzCxHTnmFiOnPMLEdOeYWI6c8wsR055hYjpzzCxHTnmFiOnPMLEdOeYWI6c8wsR055hYjpzzCxHTnmFiOnPMLEdOeYWI6c8wsR055hYjpzzCxHTnmFiOnPMLEdOeYWI6c8wsR055hYjpzzCxHTnmFiOnPMLEdOeYWI6c8wsR055hYjpzzCxHTnmFiOnPMLEdOeYWI6c8wsR055hYjpzzCxHTnmFiOnPMLEdOeYWI6c8wsR055hYjpzzCxHTnmFiOnPMLEdOeYWI6c8wsR055hYjpzzCxHTnmFiOnPMLEdOeYWI6c8wsR055hYjpzzCxHTnmFiOnPMLEdOeYWI6c8wsR055hYjpzzCxHTnmFiOnPMLEdOeYWI6c8wsR055hYjpzzCxHTnmFiOnPMLEdOeYWI6c8wsR055hYjpzzCxHTnmFiOnPMLEdOeYWI6c8wsR055hYjpzzCxHTnmFiOnPMLEdOeYWI6c8wsR055hYjpzzCxHTnmFiOnPMLEdOeYWI6c8wsR055hYjpzzCxHTnmFiOnPMLEdOeYWI6c8wsR055hYjpzzCxHTnmFiOnPMLEdOeYWI6c8wsR055hYjpzzCxHTnmFiOnPMLEdOeYWI6c8wsR055hYjpzzCxHTnmFiOnPMLEdOeYWI6c8wsR055hYjpzzCxHTnmFiOnPMLEdOeYWI6c8wsR055hYjpzzCxHTnmFiOnPMLEdOeYWI6c8wsR055hYjpzzCxHTnmFiOnPMLEdOeYWI6c8wsR055hYjpzzCxHTnmFiOnPMLEdOeYWI6c8wsR055hYjpzzCxHTnmFiOnPMLEdOeY/5wP//EACQRAAEEAgEEAwEBAAAAAAAAABQBAgMTBBIAECAwUAVggBFw/9oACAECAQECAP8AflX6Wq9ZVTqrvo73dchY15I+JviRNNNNNNNNNNNNNNNNNNNNNNNNNNNNNNNNNNNNNNNNNNNNNNNNNNPFOkOR0yFxHcnfjr4sX3TnNdyVs7MTK5KuA57shcNej5WJ3YvunNdyHI5K2VsMz+fHulflOxWqsk0De/F93KyWKDNmWRmI9/MZ3H82fIxETvxfbuVF6ysmhjna9kb+RrI6CFVe+CFVdMkrXdmL7h3HZLs1PkG539mhjR2SuVZHKqzTYrFnfIxWM7cZ111111111111111111111111111111111111111111111111113arVgdE5jsZjeSyqzorN8eLkmQyOGH6DI1zlnmljcrZORccjnt4+GHEY33qqsrsh07nLGONMiKQqse+fkDt990mTJSdsnuv4rFhWBYVTmUnGo5F4vR6JCzDb8e3Bbjo33znT5yMjhldyNdXIqxRucjkVsyL79Vnmjg5NLGyWBWovGRwvVHQJkJlNyGTtd2NZRRRRRRRRRRRRRRRRRRRRRRRRRRRRRRRRRRRRRRRRRRRRRRRRRR2KqyzPjhbDK7+MY586x8SF7HxwTscsQaYqwMTsxfcLEkKIqzvYyRMdsqY/TGeqTYkM0L/Bi+7yZIomR/IPgajIEYkzWrHyfDY+N/fi+6leyFE5n8a1GtSFMqCCSF3JImoi92L7pGdctsKclbAnMnEie13FRre7F99PyFvMhsKdJ44fFBIUUUUUUUUUUUUUUUUUUUUUUUUUUUUUUUUUUUUUUUUUUUUUUUUUV4nK2HpOjU6PRjfpUjfxiIIIIIIIIIIIIIIIIIIIIIIIIIIIIIIIIIIIIIIIIIIIIIIIIIIIIIIIIIIIIIIIIIIIIIIIIIIIIIIIJ+kCyyyyyyyyyyyyyyyyyyyyyyyyyyyyyyyyyyyyyyyyyyyyyyyyyyyyyyyyyyyyyyyyyyyyyyyyyyyyyyy/0gIIIIIIIIIIIIIIIIIIIIIIIIIIIIIIIIIIIIIIIIIIIIIIIIIIIIIIIIIIIIIIIIIIIIIIIIIIIIIIIJ+kCyyyyyyyyyyyyyyyyyyyyyyyyyyyyyyyyyyyyyyyyyyyyyyyyyyyyyyyyyyyyyyyyyyyyyyyyyyyyyyy/3B//EADMRAAIBAwIEAgkFAAMBAAAAAAABAgNRUhGhEiExYRAiBCAjQUJQcXKREzAyYIAzYnCB/9oACAECAQM/AP8A37T+mJaeppFfU1Xil1f9I9rH1Nkawj4cK0XU4vO/22yeLJ4sniyeLJ4sniyeLJ4sniyeLJ4sniyeLJ4sniyeLJ4sniyeLJ4sniyeLJ4sniyeLJ4sniyeLJ4sniyeLJ4sniyeLJ4sniyeLJ4sniyeLJ4sniyeLJ4sniyeLJ4sniyeLJ4v9t8Qp+WXKS8dXP6HFRj4fzkJ0o/t+0f2/OnTd4sUlqn4cUe6G/PH+SP1EoS6+Gqn9Gawkjhi2aUn3NaEfFR7sfV9X6/tH9vzpSTRUpSbj1XVXIVFZ+HDJjpVFOIqlHi7Hll9GaTkjiei6I/jE0oxEi3JDm+N9Pd+x7R/b874lr70NvjhykfDUE1GSZxwaGnKB5JfRmlXw/Ur6d9CNOCXvG9W3yH6TUSX8FuKKS/Y9o/t+b6JsTWq9TR6rozj80epKnylq0RmtYs4as3c8kvozSpF9xxg7+4cHxS6nJtslWmoR6CpQSEjEnJ8nqT+KPq+0f2/OJ0pPQqrpT1K+GhNdYlKa0kJ9Hqjj80epUUvLy06kVyS1ZOyIvrTiQn9RJNsc3ougqXma1bJWOWsmT9Inwx5QIwikl60Y1G5PTkUs4lLOJSziUs4lLOJSziUs4lLOJSziUs4lLOJSziUs4lLOJSziUs4lLOJSziUs4lLOJSziUs4lLOJSziUs4lLOJSziUs4lLOJSziUs4lLOJSziUs4lLOJSziUs4lLOJSziUs4lLOJSziUs4lLOJSziUs4lLOJSziUs4lLOPrJrRoXuZJEJdYog+nIqUZc+cX4Oo2kuRNLVxfhr0Jx5tNEqsOHXzLc4nxNcl4QjyXNlX0masRpRSX9Cg/ekyMeskUl8QnTXD8Q9NIpK8iolq6v5QuLktD3RaTuyrFf8n5PMmoqLVjWCceWqKsvjTKeqc5EIrSPz7QivcyXugekPpBHpcveekPq9yrYq2Q4uEbRQ09UTaS0Q222SgTmkvBKlHVpEMl+SGSI5L8mnxr8n/ZMT9wn7n87TIP3ECzJo06+Gkou68IvrLRFKT1UtPqUnHRSet2vF8NOKT6alR/CVJ2H8UykupSj0iRXRL5+opts6xplas9W2KHxSZGo3TXVdDnzKTfmQvdSi19Sml54RX0ZHnomOc0vyKC1fQUlqmmNPVGQn0f9ASTbJ15uEOhGGjfN+H6ce7JVJLT8nFzj1HF6NNGnuT8HLsrsppuEfzcTTTKsG3DoVI8pIg+qaKeQ7piktV6spvSK1ZWwK2BWwK2BWwK2BWwK2BWwK2BWwK2BWwK2BWwK2BWwK2BWwK2BWwK2BWwK2BWwK2BWwK2BWwK2BWwK2BWwK2BWwK2BWwK2BWwK2BWwK2BWwK2BWwK2BWwK2BWwK2HqpdSC95Kt5VyiaLSKEupTpQcmkTr1GxQWiIx0u+iNIa6JlOpNR/T0KS6RRGrHSxOk+f5OLSMnzOF9ilNc4oo4lFfAinjoOnLT3P1faP7fnEGQQkJJtkvSKvDH+KFBJJH6dNzkOc3OT10NaUl2Parw1cov6iaaaJw0nDocXll/I+F/s+0f2/O3L2cH9WaJRihQ7s5RicNNdxyjKxpW/JxSSHQr6ikk0JwQp6yhyZKL4J8pe53ONd/2PaP7fnXCu7G+bElyXg3VSOkRKOhw+lNGsz9WGq6ocJOnI0bXhGouaJ0pcxNJ+v7R/b86Wur5v1Na9M1k34ael63R1fgp+aHJkukuUkcUU/BNDi+3r+0f2/Pk6sexpHw9tCRpBeK0U11R5f8A7+1GnNuVil3KXcpdyl3KXcpdyl3KXcpdyl3KXcpdyl3KXcpdyl3KXcpdyl3KXcpdyl3KXcpdyl3KXcpdyl3KXcpdyl3KXcpdyl3KXcpdyl3KXcpdyl3KXcpdyl3KXcpdyl3KXcpdyl3KXf8AbaXJas56y8f4s0ivHWLOGKX9L1S+v+Mql0VLoqXRUuipdFS6Kl0VLoqXRUuipdFS6Kl0VLoqXRUuipdFS6Kl0VLoqXRUuipdFS6Kl0VLoqXRUuipdFS6Kl0VLoqXRUuipdFS6Kl0VLoqXRUuipdFS6Kl0VLoqXRUuipdFS6Kl0VLoqXRUuipdFS6Kl0VLoqXRUuipdFS6Kl0VLoqXRUuipdFS6Kl0VLoqXRUuipdFS6Kl0VLoqXRUuipdFS6Kl0VLr/SKwFgLAWAsBYCwFgLAWAsBYCwFgLAWAsBYCwFgLAWAsBYCwFgLAWAsBYCwFgLAWAsBYCwFgLAWAsBYCwFgLAWAsBYCwFgLAWAsBYCwFgLAWAsBYCwFgLAWAsBYCwFgLAWAsBYCwFgLAWAsBYCwFh/pFZ7Cz2FnsLPYWews9hZ7Cz2FnsLPYWews9hZ7Cz2FnsLPYWews9hZ7Cz2FnsLPYWews9hZ7Cz2FnsLPYWews9hZ7Cz2FnsLPYWews9hZ7Cz2FnsLPYWews9hZ7Cz2FnsLPYWews9hZ7Cz2FnsLPYWews9hZ7Cz2FnsLPYWews9hZ7Cz2FnsLPYWews9hZ7Cz2FnsLPYWews9hZ7Cz2FnsLPYWews9hZ7Cz2/wBIzsidkTsidkTsidkTsidkTsidkTsidkTsidkTsidkTsidkTsidkTsidkTsidkTsidkTsidkTsidkTsidkTsidkTsidkTsidkTsidkTsidkTsidkTsidkTsidkTsidkTsidkTsidkTsidkTsidkTsidkTsidkTsidkTsidkTsidkTsidkTsidkTsidkTsidkTsidkTsidl/uH/xAAgEQEAAwEAAgMBAQEAAAAAAAATAQISAwAwECBQgGAR/9oACAEDAQECAP5KiPnlHzFf8PWvzxi8ec6dbeqZ1rWta1rWta1rWta1rWta1rWta1rWta1rWta1rWta1r1cpvz+OUdo8pHX19v2oi1fOdvOnPysdorHnb5rzvP27ftVny/Pznby1POscqedZiKcutvv2/b538vy5R5MeT85rS1pn79v16xMfPK/oiPL3iK8jtX6dv2I8IiKPTaBisza316xjGMYxjGMYxjGMYxjGMYxjGMYxjGMYxjGMYxjGMYxjH1iY7R09sze/wDgaWj12taf3YiOUcSivumhTxmn7cXjqyxPqmzNPWbfvRFeXrmLcpj9+IrX1/8AfiYtytX6TKIiIiIiIiIiIiIiIiIiIiIiIiIiIiIiIiJ9IiOdKWtbrT1XrF2WOtp+nb9iOk9ZmIpXyL/at/OtPR2/b5Uta1+MeTby0xPl4p18vX79v2udL9Znzl5MzbzrPK/nWvlbzMx9u37U3+eXnWfKT2nynX/lq+RNrfbt+9yjrbzlPWfjlbt6ulSIiIiIiIiIiIiIiIiIiIiIiIiIiIiIiIiL1Vi3X44zafik2n/FUn+MWZmZmZmZmZmZmZmZmZmZmZmZmZmZmZmZmZmZmZmZmZmZmZmZmZmZmb+kBERERERERERERERERERERERERERERERERERERERERERERERERERERH+kGZmZmZmZmZmZmZmZmZmZmZmZmZmZmZmZmZmZmZmZmZmZmZmZmZmZmb+kBERERERERERERERERERERERERERERERERERERERERERERERERERERH+4P//EACkRAAMBAAIABAYDAAMAAAAAAAABUQIRYRAgMDESISJBUHEDYIAjcIH/2gAIAQMBAz8A/wC/uf6Y35OW/I37L+kf8bd8nuzjT8PifRwllemkKoVQqhVCqFUKoVQqhVCqFUKoVQqhVCqFUKoVQqhVCqFUKoVQqhVCqFUKoVQqhVCqFUKoVQqhVCqFUKoVQqhVCqFUKoVXp844g1y148YONeHGUfW/T+lfv80trseXw14fC/D7rw4SPZnOkvD6vF6/QvbPsvP9C/f5pppoztIa7XhzleHG1G/DnBwub4c7Gxe+jhcL0PoX7/N/C+n4J+w1ymvBPjyvem/sLIspsbfofQv3+X5aQ0/JyuH6HJx4fE+hsrMJGPtry/Qv3+Yz/IkZMQwNNPLHx6La4T4FRL2Qkm2PT8zeVxTcNw3DcNw3DcNw3DcNw3DcNw3DcNw3DcNw3DcNw3DcNw3DcNw3DcNw3DcNw3DcNw3DcNw3DcNw3DcNw3DcNzzNPlMf3Rl+ssoe31/Qtqteo17ZNN/P89yN/dFZhGV7L18v7GHSMan5zS+5pFRlia5T9NJfMyOG39zT92/z7bEvf1E1w0New1/QG2khZXqLxT90ZfsuB5flS9zFMUxTFMUxTFMUxTFMUxTFMUxTFMUxTFMUxTFMUxTFMUxTFMUxTFMUxTFMUxTFMUxTFMUxTFMUxTFMUxTFMXytm4LK7Fn3Y37G9v3fpfEja+5qI2zdFvHa8v0L9/mNr7m2NjbSFleCb4XnTbXh916P0L9/m+F8TFn3Y9fo+Tfgk0r4cZbE0n4NbZ9tCaPhfofQv3+a+J9CXyQ2/D6EJJsb1yfI4ycPjw5S14PJn+TI0/P9C/f5p8fCvkvJ9Bxni+HOEfNeH20Jrg+FteDR8X78/wBC/f55/Cc68OcnO34vn4T6l+vSelwjZs2bNmzZs2bNmzZs2bNmzZs2bNmzZs2bNmzZs2bNmzZs2bNmzZs2bNmzZv00383wj5cZ8fmznT8eNI503/S+H/5/jLMZmMzGZjMxmYzMZmMzGZjMxmYzMZmMzGZjMxmYzMZmMzGZjMxmYzMZmMzGZjMxmYzMZmMzGZjMxmYzMZmMzGZjMxmYzMZmMzGZjMxmYzMZmMzGZjMxmYzMZmMzGZjMxmYzMZmMzGZjMxmYzMZmMzGZjMxmYzMZmMzGZjMxmYzMZmP/AEi6Ojo6Ojo6Ojo6Ojo6Ojo6Ojo6Ojo6Ojo6Ojo6Ojo6Ojo6Ojo6Ojo6Ojo6Ojo6Ojo6Ojo6Ojo6Ojo6Ojo6Ojo6Ojo6Ojo6Ojo6Ojo6Ojo6O/6R6Ojo6Ojo6Ojo6Ojo6Ojo6Ojo6Ojo6Ojo6Ojo6Ojo6Ojo6Ojo6Ojo6Ojo6Ojo6Ojo6Ojo6Ojo6Ojo6Ojo6Ojo6Ojo6Ojo6Ojo6Ojo6Ojo6Ov9I5rM1mazNZmszWZrM1mazNZmszWZrM1mazNZmszWZrM1mazNZmszWZrM1mazNZmszWZrM1mazNZmszWZrM1mazNZmszWZrM1mazNZmszWZrM1mazNZmszWZrM1mazNZmszWZrM1mazNZmszWZrM1mazNZmszWZrM1mazNZmszWZrM1/7h//Z'),
('Team Beta', 'iVBORw0KGgoAAAANSUhEUgAACgAAAAYAAgMAAADHmvk/AAAACVBMVEUAAADdAAD/zgDGIigcAAAIX0lEQVR42u3SMREAAAjEMExiEpXsGOCHREKvVQAAAAAAAAAAAAAAAAAAAAAAAAAAAAAAAAAAAAAAAAAAAAAAAAAAAAAAAAAAAAAAAAAAAAAAAAAAAAAAAAAAAAAAAAAAAAAAAAAAAAAAAAAAAAAAAAAAAAAAAAAAAAAAAAAAAAAAAAAAAAAAAAAAAAAAAAAAAAAAAAAAAAAAAAAAAAAAAAAAAAAAAAAAAAAAAAAAAAAAAAAAAAAAAAAAAAAAAAAAAAAAAAAAAAAAAAAAAAAAAAAAAAAAAAAAAAAAAAAAAAAAAAAAAAAAAAAAAAAAAAAAAAAAAAAAAAAAAAAAAAAAAAAAAAAAAAAAAAAAAAAAAAAAAAAAAAAAAAAAAAAAAAAAAAAAAAAAAAAAAAAAAAAAAAAAAAAAAAAAAAAAAAAAAAAAAAAAAAAAAAAAAAAAAAAAAAAAAAAAAAAAAEfDIwNiQAwIBsSAYEAMCAbEgGBADAgGxIBgQAwIBsSAYEAMCAbEgGBADAgGxIBgQAwIBsSAYEAMCAbEgBgQDIgBwYAYEAyIAcGAGBAMiAHBgBgQDIgBwYAYEAyIAcGAGBAMiAHBgBgQDIgBwYAYEAyIAcGAGBADggExIBgQA4IBMSAYEAOCATEgGBADggExIBgQA4IBMSAYEAOCATEgGBADggExIBgQA4IBMSAGlAADYkAwIAYEA2JAMCAGBANiQDAgBgQDYkAwIAYEA2JAMCAGBANiQDAgBgQDYkAwIAYEA2JAMCAGxIBgQAwIBsSAYEAMCAbEgGBADAgGxIBgQAwIBsSAYEAMCAbEgGBADAgGxIBgQAwIBsSAYEAMCAbEgBgQDIgBwYAYEAyIAcGAGBAMiAHBgBgQDIgBwYAYEAyIAcGAGBAMiAHBgBgQDIgBwYAYEAyIATEgGBADggExIBgQA4IBMSAYEAOCATEgGBADggExIBgQA4IBMSAYEAOCATEgGBADggExIBgQA4IBMSAGBANiQDAgBgQDYkAwIAYEA2JAMCAGBANiQDAgBgQDYkAwIAYEA2JAMCAGBANiQDAgBgQDYkAwIAbEgGBADAgGxIBgQAwIBsSAYEAMCAbEgGBADAgGxIBgQAwIBsSAYEAMCAbEgGBADAgGxIBgQAyIAcGAGBAMiAHBgBgQDIgBwYAYEAyIAcGAGBAMiAHBgBgQDIgBwYAYEAyIAcGAGBAMiAHBgBgQDIgBMSAYEAOCATEgGBADggExIBgQA4IBMSAYEAOCATEgGBADggExIBgQA4IBMSAYEAOCATEgGBADYkAJMCAGBANiQDAgBgQDYkAwIAYEA2JAMCAGBANiQDAgBgQDYkAwIAYEA2JAMCAGBANiQDAgBgQDYkAMCAbEgGBADAgGxIBgQAwIBsSAYEAMCAbEgGBADAgGxIBgQAwIBsSAYEAMCAbEgGBADAgGxIBgQAyIAcGAGBAMiAHBgBgQDIgBwYAYEAyIAcGAGBAMiAHBgBgQDIgBwYAYEAyIAcGAGBAMiAHBgBgQA4IBMSAYEAOCATEgGBADggExIBgQA4IBMSAYEAOCATEgGBADggExIBgQA4IBMSAYEAOCATEgGBADYkAwIAYEA2JAMCAGBANiQDAgBgQDYkAwIAYEA2JAMCAGBANiQDAgBgQDYkAwIJkDDjwyIAbEgGBADAgGxIBgQAwIBsSAYEAMCAbEgGBADAgGxIBgQAwIBsSAYEAMCAbEgGBADAgGxIBgQAyIAcGAGBAMiAHBgBgQDIgBwYAYEAyIAcGAGBAMiAHBgBgQDIgBwYAYEAyIAcGAGBAMiAHBgBgQDIgBMSAYEAOCATEgGBADggExIBgQA4IBMSAYEAOCATEgGBADggExIBgQA4IBMSAYEAOCATEgGBADYkAJMCAGBANiQDAgBgQDYkAwIAYEA2JAMCAGBANiQDAgBgQDYkAwIAYEA2JAMCAGBANiQDAgBgQDYkAMCAbEgGBADAgGxIBgQAwIBsSAYEAMCAbEgGBADAgGxIBgQAwIBsSAYEAMCAbEgGBADAgGxIBgQAyIAcGAGBAMiAHBgBgQDIgBwYAYEAyIAcGAGBAMiAHBgBgQDIgBwYAYEAyIAcGAGBAMiAHBgBgQA4IBMSAYEAOCATEgGBADggExIBgQA4IBMSAYEAOCATEgGBADggExIBgQA4IBMSAYEAOCATEgGBADYkAwIAYEA2JAMCAGBANiQDAgBgQDYkAwIAYEA2JAMCAGBANiQDAgBgQDYkAwIAYEA2JAMCAGBANiQAwIBsSAYEAMCAbEgGBADAgGxIBgQAwIBsSAYEAMCAbEgGBADAgGxIBgQAwIBsSAYEAMCAbEgBgQDIgBwYAYEAyIAcGAGBAMiAHBgBgQDIgBwYAYEAyIAcGAGBAMiAHBgBgQDIgBwYAYEAyIAcGAGBADggExIBgQA4IBMSAYEAOCATEgGBADggExIBgQA4IBMSAYEAOCATEgGBADggExIBgQA4IBMSAGlAADYkAwIAYEA2JAMCAGBANiQDAgBgQDYkAwIAYEA2JAMCAGBANiQDAgBgQDYkAwIAYEA2JAMCAGxIBgQAwIBsSAYEAMCAbEgGBADAgGxIBgQAwIBsSAYEAMCAbEgGBADAgGxIBgQAwIBsSAYEAMCAbEgBgQDIgBwYAYEAyIAcGAGBAMiAHBgBgQDIgBwYAYEAyIAcGAGBAMiAHBgBgQDIgBwYAYEAyIATEgGBADggExIBgQA4IBMSAYEAOCATEgGBADggExIBgQA4IBMSAYEAOCATEgGBADggExIBgQA4IBMSAGBANiQDAgBgQDYkAwIAYEA2JAMCAGBANiQDAgBgQDYkAwIAYEA2JAMCAGBAMSaQFPa0q2kPQybwAAAABJRU5ErkJggg=='),
('Team Gamma', 'iVBORw0KGgoAAAANSUhEUgAAC7gAAAeJCAMAAABOTbs3AAAABGdBTUEAALGPC/xhBQAAAAFzUkdCAK7OHOkAAABmUExURXWq2/////fy8NGzpoQ1EYw+FYxCIMKaiOjZ0ptbPrFpJvy/Sc+LNPW2Rt6dO6JYH8B6LealP5tPHO2uQqpgI7lxKteUOMiDMcmnl9nAtap0W7qNeZNOL/Dm4ZNGGODNxKNoTbKBam6jgkEAAJ7qSURBVHja7MGBAAAAAICg/akXqQIAAAAAAAAAAAAAAAAAAAAAAAAAAAAAAAAAAAAAAAAAAAAAAAAAAAAAAAAAAAAAAAAAAAAAAAAAAAAAAAAAAAAAAAAAAAAAAAAAAAAAAAAAAAAAAAAAAAAAAAAAAAAAAAAAAAAAAAAAAAAAAAAAAAAAAAAAAAAAAAAAAAAAAAAAAAAAAAAAAAAAAAAAAAAAAAAAAAAAAAAAAAAAAAAAAAAAAAAAAAAAAAAAAAAAAAAAAAAAAAAAAAAAAAAAAAAAAAAAAAAAAAAAAAAAAAAAAAAAAAAAAAAAAAAAAAAAAAAAAAAAAAAAAAAAAAAAAAAAAAAAAAAAAAAAAAAAAAAAAAAAAAAAAAAAAAAAAAAAAAAAAAAAAAAAAAAAAAAAAAAAAAAAAGYPDgQAAAAAgPxfG0FVVVVVVVVVVVVVVVVVVVVVVVVVVVVVVVVVVVVVVVVVVVVVVVVVVVVVVVVVVVVVVVVVVVVVVVVVVVVVVVVVVVVVVVVVVVVVVVVVVVVVVVVVVVVVVVVVVVVVVVVVVVVVVVVVVVVVVVVVVVVVVVVVVVVVVVVVVVVVVVVVVVVVVVVVVVVVVVVVVVVVVVVVVVVVVVVVVVVVVVVVVVVVVVVVVVVVVVVVVVVVVVVVVVVVVVVVVVVVVVVVVVVVVVVVVVVVVVVVVVVVVVVVVVVVVVVVVVVVVVVVVVVVVVVVVVVVVVVVVVVVVVVVVVVVVVVVVVVVVVVVVVVVVVVVVVVVVVVVVVVVVVVVVVVVVVVVVVVVVVVVVVVVVVVVVVVVVVVVVVVVVVVVVYU9OBAAAAAAAPJ/bQRVVVVVVVVVVVVVVVVVVVVVVVVVVVVVVVVVVVVVVVVVVVVVVVVVVVVVVVVVVVVVVVVVVVVVVVVVVVVVVVVVVVVVVVVVVVVVVVVVVVVVVVVVVVVVVVVVVVVVVVVVVVVVVVVVVVVVVVVVVVVVVVVVVVVVVVVVVVVVVVVVVVVVVVVVVVVVVVVVVVVVVVVVVVVVVVVVVVVVVVVVVVVVVVVVVVVVVVVVVVVVVVVVVVVVVVVVVVVVVVVVVVVVVVVVVVVVVVVVVVVVVVVVVVVVVVVVVVVVVVVVVVVVVVVVVVVVVVVVVVVVVVVVVVVVVVVVVVVVVVVVVVVVVVVVVVVVVVVVVVVVVVVVVVVVVVVVVVVVVVVVVVVVVVVVVVVVVVVVVVVVVVVVVRX24EAAAAAAAMj/tRFUVVVVVVVVVVVVVVVVVVVVVVVVVVVVVVVVVVVVVVVVVVVVVVVVVVVVVVVVVVVVVVVVVVVVVVVVVVVVVVVVVVVVVVVVVVVVVVVVVVVVVVVVVVVVVVVVVVVVVVVVVVVVVVVVVVVVVVVVVVVVVVVVVVVVVVVVVVVVVVVVVVVVVVVVVVVVVVVVVVVVVVVVVVVVVVVVVVVVVVVVVVVVVVVVVVVVVVVVVVVVVVVVVVVVVVVVVVVVVVVVVVVVVVVVVVVVVVVVVVVVVVVVVVVVVVVVVVVVVVVVVVVVVVVVVVVVVVVVVVVVVVVVVVVVVVVVVVVVVVVVVVVVVVVVVVVVVVVVVVVVVVVVVVVVVVVVVVVVVVVVVVVVVVVVVVVVVVVVVVVVVVVVVVXYgwMBAAAAACD/10ZQVVVVVVVVVVVVVVVVVVVVVVVVVVVVVVVVVVVVVVVVVVVVVVVVVVVVVVVVVVVVVVVVVVVVVVVVVVVVVVVVVVVVVVVVVVVVVVVVVVVVVVVVVVVVVVVVVVVVVVVVVVVVVVVVVVVVVVVVVVVVVVVVVVVVVVVVVVVVVVVVVVVVVVVVVVVVVVVVVVVVVVVVVVVVVVVVVVVVVVVVVVVVVVVVVVVVVVVVVVVVVVVVVVVVVVVVVVVVVVVVVVVVVVVVVVVVVVVVVVVVVVVVVVVVVVVVVVVVVVVVVVVVVVVVVVVVVVVVVVVVVVVVVVVVVVVVVVVVVVVVVVVVVVVVVVVVVVVVVVVVVVVVVVVVVVVVVVVVVVVVVVVVVVVVVVVVVVVVVVVVVVVVVVVhDw4EAAAAAID8XxtBVVVVVVVVVVVVVVVVVVVVVVVVVVVVVVVVVVVVVVVVVVVVVVVVVVVVVVVVVVVVVVVVVVVVVVVVVVVVVVVVVVVVVVVVVVVVVVVVVVVVVVVVVVVVVVVVVVVVVVVVVVVVVVVVVVVVVVVVVVVVVVVVVVVVVVVVVVVVVVVVVVVVVVVVVVVVVVVVVVVVVVVVVVVVVVVVVVVVVVVVVVVVVVVVVVVVVVVVVVVVVVVVVVVVVVVVVVVVVVVVVVVVVVVVVVVVVVVVVVVVVVVVVVVVVVVVVVVVVVVVVVVVVVVVVVVVVVVVVVVVVVVVVVVVVVVVVVVVVVVVVVVVVVVVVVVVVVVVVVVVVVVVVVVVVVVVVVVVVVVVVVVVVVVVVVVVVVVVVVVVVVVVVVWF3To6aSCKAijIi0vYEqJsyPZfpSIS/BT8ybnMVDEAAAAAAAAAAAAAAAAAAAAAAAAAAAAAAAAAAAAAAAAAAAAAAAAAAAAAAAAAAAAAAAAAAAAAAAAAAAAAAAAAAAAAAAAAAAAAAAAAAAAAAAAAAAAAAAAAAAAAAAAAAAAAAAAAAAAAAAAAAAAAAAAAAAAAAAAAAAAAAAAAAAAAAPzLAgAAXp64AwBAgLgDAECAuAMAQIC4AwBAgLgDAECAuAMAQIC4AwBAgLgDAECAuAMAQIC4AwBAgLgDAECAuAMAQIC4AwBAgLgDAECAuAMAQIC4AwBAgLgDAECAuAMAQIC4AwBAgLgDAECAuAMAQIC4AwBAgLgDAECAuAMAQIC4AwBAgLgDAECAuAMAQIC4AwBAgLgDAECAuAMAQIC4AwBAgLgDAECAuAMAQIC4AwBAgLgDAECAuAMAQIC4AwBAgLgDAECAuAMAQIC4AwBAgLgDAECAuAMAQIC4AwBAgLgDAECAuAMAQIC4AwBAgLgDAECAuAMAQIC4AwBAgLgDjHN/PO4LgGHEHWCY/dy+nPsCYBRxB5hlv27fruYOMIu4A4xyObYfx2UBMIi4A4xy255uC4BBxB1glHN7OhcAg4g7wMt7/ziu59v6k+2XBcAne/e2m7gOBlBYhpVQaiBQeuIM7/+Se7YF1p6L2XHaGSsare/aCHq3+uuP8xcx3CVp5E5XklvRYQC6DgDvhJSkv4nhLknj9tRyNw39LgCs1wBcwhDTfQvtzUdaJWmkDHdJGrVJW76z/p1wn7ZeRiNJ42a4S9KoXSELPb4e7hOfaZWk0TPcJWnMPqHCxD2v47gaL0njZbhL0ohNWsj2od/wcM/dnl2CJGlsDHdJGrcZSVP8QqXdf8N9Fwrkbs+egiRpbAx3SRq3FoDX8hWWGQCrFQCzUCJ3+5nkGCRJo2O4S9KoTQFoPgCYhwLDw31yJGnWDck0SJJGx3CXpFHbA/D2XLgp86Vw35M0q4ZkHyRJ42O4S9KYTUi25+JNmeHh/knSbDqSude4S9JIGe6SNFo7ALpt8abM8HCftPduX5O0drskjZXhLkmjdQDg4x2AQ+g3PNxvJIsNSeuNMpI0Woa7JI3WFYDtuvSZ0Rzimw0At9DnQvIaO5JdkCSNleEuSfVcrsC8uI4BaOJb6WuRcuvHCMC18HizfCc5hGK7OXD1XU2SVInhLkk1TSG5hSInALrYATAJvQaH+4VkEV8AmIdiN7w7UpJqMtwlqaILD4cB59f3cA/9Bof7DYCXuCK5hFIHHpy5S1IVhrskVbRnWO7uAPj4c+F+IlnF53y8zAXAa98lqSLDXZIqIilt5HxDzJ8L99l94B6bgcPzOWRBklSB4S5JFcGgkXsO9+c/9XDqEYBFXA3ccL9guEtSZYa7JFUEQNeVjtxzuK8B2JV/xznGc0FUPwHQxPsXzEKp6/0vMdwlqRrDXZIqAqBZkTyFPjncFwAcyr+ji0XrNQcAnh+HL6HQE8mqMdwlqRrDXZIqmgOw6AqvhMzhvindZBkY7kcANnk8X+oGQPd+/1mSpAoMd0mqaAbA6zvJqfD8Ksam8APDwv302JSJwwr8RPL+CsAsSJIqMNwlqaITyfJcOHLP4f5cmMjDwn362JSJwy6DvAFwXpKcgiSpAsNdkmq6AvCxAKCdhB5TANYxvgNwDH2GhfsNgPcYN4MuZJ+0ACw+3JSRpIoMd0mqaQrASzyXTdAvj3CPDQDT0Gvyc7hPwv+YA7CMcTVo52UGwDm+3H+TJKkGw12SapqQbNYAtKHHEwCvMca30pF7bv11/0Ux9wAfGu4tAOsNySRIkmow3CWpqhsAb8vCCfrjxaZxS9EHysP9p38LlkN23KcANMs3AG5BklSF4S5JVe0AaOK6bIJ+BCD+8FzygUHhno8OfDj1CMBbbADYBUlSFYa7JNV1BOC9cIK+B2BVOnIfFu4zABYDw31Ksn08LytJqsNwl6Sq8stKn4taeQbAR/nIfXi4r+Kwe9yvP/0BhyBJqsNwl6S6TiTLLT1hnVzyGnrc0v8E6ZfD/QWAUOBCsl2SPAVJUh2GuyRVNgdgEbuikTvJMo3ciy5//3zM6D8A+Ay/diOHe1cc7nsAurjwEndJqstwl6Saclm/xFXRe0f35D30Lf3LKXmMXnLF4xWA+K/X0vH5iWR1n9F/BklSJYa7JFU2IdnGruQ6xU/yrkxc96b+F8O9f68muwHQxa2XuEtSZYa7JP0ep6dQaA/AW1yUdPjpkfk/LBsA9uGXvhnu09DnRLKIb/efIkmqxXCXpN9hdoR2ForsHi8sPfemda7rdc7rnsH4l8K993A2y7/dS9wlqTLDXZK+bzInuYUi7b2tFyVPm04BaGJy7nmgdVi4Hx5HH4cPocekBWBxP98GSVI1hrskfd8NKFsS/4e9O9pNHAYCKCrDBAohkFAosJCE/P9PrrzCk6JVzTgWfbrnOVb9eOOaiaej3KvCcs4dWtnbvPoz9nB/HgdZGUbc6IqiYog7APw+wh0AsvUSDM7iI+Rvbfmm0jXcTvH2L1fcxasMLa7h7tnC/SZeXVYFQ9wB4LcR7gCQ7S7B3b2m/bsJ/Tt3MTqA0dvKqxXjxfWkcO/Ec3Hz8Max0feHFB99T+oDwGSEOwDkamXkTM7i7cpybQngITzt7aIrpof7zrL9m3jr8PTZ2V2GlXiLoXUAgCkIdwDINU8Od53x+Gm5Gt/bj9xzw721bES33Tqj9rqQ0dwBACYg3AEg1yAjZ/MnzHhcv6xrbfG14cg9LdzP4m3MX2DSfZyShri3gyiuxgPAZIQ7AGTRnj1o+RrMww9Om4Qj98/Sa2LH1mnh3otXW8N9PPnvdAsGy4WM+GwTAExGuANArn9hWmj52tdIU5Y7yzSa29ORezzIV8/hvnI/+z/cLy5C79o3CUPcP1byHePfAWAywh0Acom3q5Pubw8hxbeW6+I6zcV7rOijuzH83lTD3fjp1HG6zdo++nK+ENXt5cEBANIR7gCQRVP5S8vXotfvoXb2I/dT6cUO6d8Z7oPOky/M/1wYJCjq7ZqrMgCQg3AHgCyaytuUJtVR7vox1JmLOWs0l9FD+jeG+2yhO7YOcZ/dNds3VS2qdwCAdIQ7AOTRVE67vr0U76BH7ksXEar5q/QiK94Y7kt9dzjoo3GzlTwcq23HOEgAyES4A0Cum3jlPmXUoY5yD7MVFzMXoXfivciRd1q4X76FexO9f6OvDqfSPMRdu71ryqOoG+ftADAN4Q4Aue7iVUfxruZVIYSrQuQve3eypqgSRAH4SwhQRkWcZ9//JW+DcjJTIUmq6q48/6J7UcyrQxhEjtah59IqslbkGAEzIbjPUMYfHx6pv4/dYUsn5PZ1USykc2a5nYjopxjciYh+BdXwskLlfByS8AqTGM/KKek6zBub4X76OVpwstT9EwBWTvUK7mdU51d+/S53kdcuxYqxnYjoDzC4ExH9CvLvDq3nfgKMcq99Wr/3OpBjj0ABoG99bE2lacE9RGdPhXO7YJ5MrnN7PFNERPRzDO5ERL91e2Xq5YSSO6LtBqXxRLlcdK+Mo+o9LbgfpVH5BPcEPfYbryHuIXJ7lsrT/aKIiOgXGNyJiH5NGlFWTJtSfsAo99pnSmJiNqTv+s80MbjfpZGNBXccVeqR/nqY69y+k6eTIiKiX2FwJyL6tfsrU2+mjTs8I4qvkZqH7c25MkV/v8rE4B4bwb12XsIdjTpbn4b84CzdzwkVZ0ASEf0RBnciol9Cpu7mw8Rz5eWENIwllRwumKPeWPfWvacFdwygcc9xx7mlxIlPY3eGW1swtxMR/REGdyKiX8Osxp14J3e7bX0x1jiOAn2NXpneHfyDO3rzPYL7AxG/GH3FwIFlVWBd2IciIqLfYnAnIvq9pJvJvvZP7taIx9wjDz+wNTpbzspmz2bfIov3C5HxR4L7Rd4uNPG5r6jCIq/nQBER0W8xuBMR/d6+a2MprhOSO0a5I+CexrfeZK2BdVox4tGRxeGETV0pHxte9WlDj9uSHXK+cLFUIqI/wOBORPR7AUrSVSStOPTfrUbCdY6SvOiWdExl3CvLtOCemL03y6GmeUycz90D5CE46wtdsFGGiOjPMLgTEf2BR1eTRnJHYHY56iJ6NLoThsC0tn2ReFpwxzhKV0M8Dhm5lmwFbC6Vzvkc4E5E9BcY3ImIfsvuAkdyPwZqzEH3oCzHxyzezQp50be9f3DHydfWmJq56nHWvfDXsSHu2DzVN3VURET0BxjciYh+DSX3qDCTezJXY2J8SlpEo93j6ElvrfqbVvyD+wmd6LqpRfUI9a1tpRErl1BatZnziYjoDzC4ExH9hYvorpd6JU/xQY046er0ZrTkvkflu5H297Y8jODubjBP0NHSGIjkdgU99RjinujNq9ctERHRX2BwJyL6Ew/RiblYiGejOybAox/ckfVvVnDf9Z/gbjTCOxdDvaBz3b1w6kFatf5VYO5xR7V+FzkpIiL6CwzuRER/AKNXrgXK4T6N7hjljn3uapAeK+Oop3sH91AaKY42lLHv2M5riPtDGmtrZCUREf0FBncior+xF0RWZNzxRve9DuPV6MxzK7gXvbHcP7gfpZFbQ2X26sNNdEfNAhsNwPtLqav4sSIioj/B4E5E9EcSve6Q+YlqfFMOF6OzZDE2gyVGc0sjQiyGCcE9QJNOaz300vDA24LXcMdQz8nJdhziTkT0lxjciYiGHGaz2UF5u8RiFrGLlbyEyuGoG9dLdzBGKHfMgfEP7iF+H2hdew+GF4vSd7gjbgcvA4efPHYOoiEiAmBwJyLqF9ylEe+Vr1CetubcF3fR2S5Rr1xbDwT3izL5B/e71SlT93avo+C+MsJ9qBzwA0IDq6xOsY+lkQSKiIhsDO5ERL2CxO/7UkDKlajKnnIkd8chjKbw3Bl1sQLT4FqnONzVKKPHCgAJu7Cu9KTeBaLzfTneso6W/cYW7w3+gqOIMLkTEfVicCci6jUT8M+QibSiMnsqo5FDIO2nRk175r6m0hnckZxRk3ccCp0yqTTCgc2uxjYPjweQG9vv1QRBIjBTRERkYXAnIuoVyw+SO4InWlBWo4eYSyMyPueMh7a1g/sOwRj8g/sZl9mK+rvrg9j43tZ/iHuBtxBsP+nxcRoNEVEfBnciol5iOs+Vn0tsJ3e9FlNyUX3sDF1Eziq1HdxLFKbBO7gf8LbQqgZa3PfSiArdTXNWDlgI9mfLps7PYlJERGRhcCci6iWNaC1P8Vz5mevk/pKOHWJvdK0sHWn3z4K7vaqSa4nT88eMmJlyiaWx/dkwSDy6dcTgTkTUg8GdiAgAmTXNf5zckYqXzkPYk1gKxwDJPwzuF72qkqurJZRWMXWIe2s1cRikfuVJpXFWRERkYXAnIur1kFaO5B4qP/Pze3LHIQLV6240kqdoWgH4u+D+wFataqCpPDHuY+cxIyZBgR5BX/k6xIInzoWbiIj6MLgTEfW6IEdGWEfJT5B8JHf3F6ooVOu8e1MAXsH9Jo0NOmB6jxXE6OZxzYu5Sav2HeKO7fU9H5WnUJ4ivCldFBERWRjciYh6YR5kXv3fyT2IjcaVtaOy7R3cl46BkfaQR9e8mDua71GUD5TDEdvjPkLlB7m9yjkNkohoAIM7EdGAozyVVTQxTAbHnuTuCOQPo0xeClK07e+CexDrjRzzYuZinG4z3r5yMbcvJi2bOkNuL+XpqIiI6A2DOxFRPxTOowrJ/aE8PT6Su+sIN3M442Jgu4nBvRgO7iGGPOKMOBCgEd4syh/G73mVTemUwZ540lw3lYhoCIM7EdEQndyL1Z8l973qcTbGKG4HWrwnBveyHAzuZxT4W2X/CS/ycVFn5TCXVm7OlAknPatVwdxOROTA4E5E1G8guQfKgyu53xTAyewOv/YPVf8I7vkPg3sordr+NPXYf01Xs2P9pBzu5va1f6dMwNxOROSHwZ2IaNgl7jIlknsyNbnvspfN0FBIVLcLBHJs1nPIKnN0sIfdOZvgvuste5/xQuGYY2NPninGB73crIL70rtTJkjk/RnHHChDRNSHwZ2IyGGuk3v60+S+RWl7+APVxMz4196ecxS1M1dwR1G+LPuaaQYL7mf1Zoa+ewxxT5TDGQV3n+GRgNye6tw+V0RE1IPBnYjIRSf37KfJPaqyp2IlvZEcaXplJvJY2azgvkUFf1pwtwvuOQruyNiAyTPjHes4L9p4trgDF3tyJnM7EdEIBnciIqe5PC1QMfePlg+E/qc6kqElkcwyeBEN5GQd3NOhdVHdwd0uuOf5YMEdk2c8O9bneEitteeXvPMYuT1b4xsAIiLqxeBOROQW6my5m5jcgwS7WgNczoF69/hc8RRhGuKue6XajAb37bY/uOuCe7VyFNwxecZviHti9d/UmEXvhty+029FoSIion4M7kRELnZyz6cm91haue5LHxjPckCLuCNNo6q9W44G9+XyM7jbBfeVo+B+sIL41TnEHWeVpdU2n6gRyO05czsRkQcGdyKiEUjuGyO5h8rLXFpRnb2shorRsfkha9r/FSuC+/rHwT1BwX15dbwi3LGZT8f6TdCib7X6uIVGbt8wtxMRjWJwJyIa9dAJcxtNi5h7QdpuVdFANfokjdQ5ohGHWg0G96M06mdwrz+GMt5QSa8kb9J7f8Edm7VS9xB3/K5QZS0c1AmvQ9HWXFeWiIgGMbgTEY2wk3s1MbkfsefTbmDvOUa5NxaI3IYb+s6lHAju+H61De7ZR+H+gZWeFlH2z0Bt/Gi+bRRjHeuJtJZ2wX2mnJDbK+Z2IiI/DO5ERGMGkvtM+QhizGd5Wg2sr5SYAb/sW/EIq6JWPw3uFwxtzGWp13pS8L5Zho2SsWezQh8/btBhxtxORDQVgzsRkY+7oB2kuk4Kmre3yTLVQOzfW/F31XMGBPfyp8F9hk9gr1LjEB+X8tCXgo32akCINn7/gjtehK4VHojcFRERuTC4ExH5CBJdIS5Wk5L7EZH/Ke1f11+Pcq8LVKGtjRDcc4/gnqY9wf3cVfXztl2mxkksF+k2K+rRIe6H/vVh3QX3h+gJ91WEda2IiMiFwZ2IaNxQcj8GPnvG9vepRdSf+o/oFN9hBONMgRHcl7JDS8pcWRDcF4vP4H5D185CcvTbH5XJqsvjNNjIpkc6Lp0/KNgC5nYiop9gcCci8oPkXiO5e8bNPVrGn5b9he4QedloP8fx7eC+xGFuypJ8BvdEdR5d004lke7HCZUJLxo53iCw0Qfk9nXWWeC6XQ8Sub1mbici8sXgTkTkaR7rvJmlU5J7gkhultxP6k3c5fsqx0Z7Be/BfdcX3NGdvlggmb+doGquPkWnTKze7FGXz6vuM9nY45G08tGRO8jtaabfgOK5IiKiEQzuREReBpP7RY26mSMhP6rp8ECeXfRNQ7eDu728EqArZ7Gw2+Ct1Vkj2SL5P9SbM3pfFrhPbGTBjxDF2ztJogZdmNuJiH6IwZ2IyM9ncvcPnXdEZtfglTlS8G6L8emhAiO4rxHcT0obCe6Pbv+tSIG/HpQtxED57Q6XinsEu+2/s5bWzfEImduJiH6IwZ2IyN9NjJbunX9yn6Pk7lxbFENfatS6sZEd3BdZ3/JKI8E97sbWpMb+EnxcBOr+dZbluAhbf27fjk3bQW7fZca7z0EREdE4BncioglCMaay5/7J/dE7WOagbHu8FaxLzGFE9dqc466XPY2VBeeJrgju2B1D3NFqg+APN0ylLNsLGRzijgxeZp06MnuAXPvkZm4PFREReWBwJyLy9pncPaOnvRYpMuuxf6um0J1iI52s512uL0UyxPJAgRncRd6D+0kamyyrnhey7M3kd9xemg9OerczOKxGCuihMLcTEf0cgzsR0SR7MQaXbyPf8Hk3pyYOBuIj2kiipuRtl9x1Kq+fyXuDP8MFp2mD+9o8S9LNlNmZuX+uLHO8YdQR2oHuyjaQ2zfiHPmO3B5tjaGYsldEROSFwZ2IaJqHmVgr3+SODpSXFUIrWKPc0xTR+qE6KKc/z5471mjKRN5GvQfSiDK0uEfSULYHzpGmjiHuYU9uz8XdKIPcXmHr9u6IiMgPgzsRfbMgnO0vaorB5H5Sbok0NnbKTZQtwKT1KipQcscVvjWpVyhwgyO4H1CMv8oGe9+V5SKtZqhNexV9UdzueYFK3BNlTsztRES/w+BORF/sEKNkPYWd3Fd+ETREwbtVIJNr1ij36xIFbxz53i2LujbGwsQKhoM7gvOuPfUOE2BO7+fH6q3XgSHudgbv4A1mNvLQVsztREQ/xOBORN/rIMia01hzEAvP5B7bJeq0t1fmhni/jIqPlZru3YT1ZW+Xuju437tifml+mxoqU4CLLKK20x77G4JHT24vVu4Gd+T2wkz5iSIiIm8M7kT0vc7yclHTBP3J/Rgoh5k9EXLbn1zPXatK3Wb8q36zQKW7bHeueufCILhXIpUd3PFKsBMp7NQPMxTcc6m7azy/37wjtyeB6hMc+3N7oIiIyBuDOxF9rYN07mqKz+S+EI8gilmPL/3vDDN0oi+uiOZxYP4xR7dLaRe57VHvUlrBfY73ho2I/jxWmYIYBfvrAkNpZvZtJDqDw8gSqMj6C+Z2IqKfY3Anoq81E7ipiYKztKIia6Q+yf1ofJ46sLQR4n3bJtN2rJgNLQedq2Wtw7/S9tLIu+BuzJ0Jse/CaJA/K8A2EU7e826BMZCLntwuI7k9xepTjTNzOxHRJAzuRPS1jvLzkjsC7OotuV/UID3rMavxfeZZvUnwDWm0eJXcsdUc5fhUIh3+Dwpm0ii74F7q4H6SxrYN/c2B654bP+twHxXdEPfEvm1k8J7cHqo+F+R2R3XeR3ALZ43wpoiIvhSDOxF9p7v8uOQ+lNzdcRSzHrOyROHZOjPi/ao9ZPnK14jERgu6lFgf6aFgOLjf0agjskSbzck+dbdNKSmaacKem5Zd1qgqd27HPr/P7fP9MRYt2bNcT0RficGdiL7TXX5ecv9M7vl4ctezHqvN4KzFQPT0l0WzFa4P5fhnvXyDsvlZwXBwj7HrM7hv8Se44/oWUmIwe6DAXi61Tpdja1DZ+7R+ktvnp7O8i2eKiOj7MLgT0XeaSWMtrYOa7IBKsp3cb2rAXI9yv6LmPTDKfdNsJDVK7jel0N1Ttn+7tscxW8udwR3fppbPDL20b9ta3LVuD76xXyx0Bo/K7J9d1Ebx7bTcnmJrb2Eive4suhPR92FwJ6LvFEpjs8LglqnCz+TuDqVn3Wdevc96hIMe5f6qfuuS+wxN6BuRCuH6pDoI7kuRpRncb2iP34qU5oh3uCPbp7LE5SHa69zenLheRJXHTYfyy9wezGL5wNWbiOhrMbgT0XeaS+NaYuWgaT6TexmNxNITiunrTWYtrwT2KHepzcK8Hb/b41RvvTKnvuB+slZmWoqU+K51ruAi3b619A1xD8zcvo2euX3jl9uj8oe5fRaLw1wREX0ZBnci+lKvhLwWxNupZvpbTUe7N8zxcenyqucizpTthJeB1Wt8oy4v62Yb+eyVQdU864J7hmo9RsC3wR1HVdoDBfelrBCy8VSs0fVLiSrrk9yD6hMK9mntJi5VeziLaZUuy8Ymkie2uRPR12FwJ6IvdZLGoo6ktVfTPexOkCpyd3GcdQv69n15JZgbo9yj9l9dck8wmGaNXhmcbiy4o9Re9AT3C26kiDDE3X4lQAZP33P73PVwkNtzPBwvwVG0KG0eWLVL2+tmcCeib8XgTkRfai6tcotAOVFPcl85j6WL6bLQJfeTsiXmAql2L/wJBf7c7JWJVcMV3O9I/AsRlOpjBTP9a4AIXhcS3KcjtyeB89GsfpbbD7FAm9rLtH1cDO5E9M0Y3InoW92lsXIvn+SGeLrNWoUzueu5MmupUXKXi7LsjVHuV7sX/oAm9xq9MviEdDy4Zwju+MtLEOP944oh7vpXiBB3+Znb7yO5vchaE1+PTtKJNu16VVf2uBMRMbgT0de6dR3qawwHD9REuvcbyd2RZ/HhaS6pLrnflSXAXMbtM0p3vfD402sg+tbulXEF9zP2k8/gjoJ725nTHre2hrjPRZDrU5Ey+2fpDOLBHbnd7iJKAs+n2tk0ByivnCpDRMTgTkTf7P7K3EjbU6N7X3JfODpITl3FvBCp9eeaB2U5GqPcr8jIZ33F2+euafa+TBKC+0JkYcZzaawGgjuC/RKn3JijdoJYcEVLkXy88QXBe/Gj3D5Hbl/UzSPdCEC8V0REX4fBnYi+1q2rChepwOOgJrGTu7v3+4Ji+lqWutMlDhSgIeaVn0sU5sNXZRyrpkZFcwT8rcvfkQ7uUZf4MTKmeAb3wg7uIQrupcjmvQPnLujQyV/DLyu/3J5mP8rtsTxFW3w4APH9fprNDmyTIaKvxOBORN/rhHy5FC1+HALlDQXpa/Ge3JEu4d5Vtstnyb1/inxsjFRf4IDnrmkF3e05ivaJakljgeCO2TEX/KFs98aE95czYvYCw+Px7epeN71UUftfVkeu3D5/z+3FVVrxtNy+KBD6n86nG5dLJaKvxuBORN8rOEtr89FGfdxflK95jGj7tBmYk4jSNr4BzdZolgF7lLtU6Dg/vCI2JkGuMvztopQjuOv1l0rkd2Msyw0/BFTdV7E6ls/1DwrFSqL61WDfSIYeB54q+v7xOEZh92Vm5/YHq+xE9PUY3InoixmfXRbLSCzn00F56Evu+UByx/SWdpMKteu3WvTc/FQ0RZC+Y1jL7tWtUiOcn5TyCu55X3C/iwhOlKM3Z64aiR4os3k1uG9cjS8I3vnvcntu5/Y7YzsREYM7EX21vRETa6zJCcfwojwguWfvyf2mbCdsd5WFsZzoXZnOeJtAIbxxU+qgzxOJbHCqs1KO4H5AcF/2BPc21qO0X9iHnKF63uy0NiY7xhfV46aD98tiyvTGS4wCv5Xb+SkqERGDOxF9u4fZj13kK3mX+DTNhDgKkvtLqCwXaZXtFjly7Vsy3SOBr0VSbPRA/3v9rI5HeqbkTZnBfSWywm5d+t4OBPcHdkuf0Xyhr2iuf0sorhIV+oRycz0IndtTPAgP9pe+6KWPWW4nIlIM7kT09Y7ylBZZo95Nz+59yb2K+gPr0aiKtzm4Rg4GY/rMFsNeGhezV2aLFZHQkI5jyz8fwb1EKR7BHSfD+Jqt3TafiNlUnxtt+TPXY4iqP8jtaLJJmNuJiJRicCeir4fZhas6e6p3a3l3DJWLf3K/ISa/d54ESjsinkfdePXGw+qVkecBSux+wxXIP0jNt8/gvuy+dkXB/TUwPkL3zlGh9I/PWo3LvSuAn+Z2QG63mmxijpIhIvqHwZ2IKEj02PBOsU2vYotPF+Vykqf8I7k/lOmOsvhGZDvwrWdojnKPdOtNgHVVX6XvGqE+NL9BxQKqjZu6Y5+oPTX+oFdjzdE1j+PhW9pVhgE3WRENh+kHcvt7x9BJecD+26y1YZ8MEZGBwZ2ISAUPeVkXmVYtV2I73pTD4z2516u+5H4zO1OiGh0h9mZx16FSNUdEmp6Zxfhd+z+WOXUHd6yY+h7cZ3hHyLszNmLjlsrnHzdGCf3geAD46cKxvur4A8TOzO1ERC0GdyIiIzJKtMtMdb4Wy90R3e3giUT+EVzvqGJvRRbmN5h7+1gY5X5F/0ocqBC716/AXUsrGA7uSRfc64/gHsR4Ebi+D3GfY6JM+5JRDK4YhUvGUMz6t7kdP1iEioiIGgzuRESNUDrXPLMUb9k9cUT3o+gKdZkjub+1wdx0Pt2ILNE3jpCKjdBxvkWLSqgCaaBHpsJ6SPvh4C4iesXUjRXcQ8yM33Zd9fjbHX/Llq8rXQ01ygSJmdvzLUI+Uv6Ih7nuEu5XToqIiFoM7kRErVssneuueM/uK6+quz0UJW+T+7onues8XFxfDd07uy3EGuVuFcnPSh3N3C8p9k50cK/ln+ItuC9eNfClFdzP/7F3b+upIkEUgL+GalSaMwKeQHj/l5wtQtGlYEwyeybR9d+MX6JscW6WleoqTsvx7RD3vTXinqixauju4q3TNhzvPdV86x+RYzl72Rj6AQDgCsEdAODKORDTfmokuZvpUKt5MrlX3BNuxVfZgZIOzzW+OIjJrefb4QxqxA0xrnL5NyUNo9ypV/OepYj+iHh4zJrISv8Jj3RcK+Vy/T7if+5ixZk+G95eMJXB2/kb59xdfTq3OzK38+exwUAZAIARgjsAwGjv0aSpciMFGTFvpebJ5O7byf20VqNuGo5eEWWhVWE+OaonR7nTli+0UQ71wiGwlxy2dzz1MbL/S6uphWbL1fULHsDoD78qpy8BnOmjSwgfCu7JwnHR9cnO3f4nc7vM/b0AA2UAAG4huAMAMOdItjgIjRDFxE5nNav2rE5v3+ephiKFOp6oZce8bMgOuq01yr0P8DmJGTHlkPZ9zrmbpeDucnDPRHAfWun56tMQ95YL7v2bi0XBvVM31h5dFWa4a74dr1Yfkbm/lxIOpgIA3EJwBwCw1B3ZtB8tR/ejo+as75N7IJO72GvUJ1zf3JeorekxPtfEL1q145BbyF6ZbiG4c6A39EdgBfeWLrbWP5KNidmd/iwQDQV3f/5kKuf2QOT2p0vmrneT23McTAUAuIfgDgAgcHSXJ1VldH+4iF8m9yy0k/teDTbUS4fAntjJvVM9h+xR7hTylJa65iExpeyV8RaC+0FcKZqCez3NlB+fwYueTlOWjomqaezkSkl7O7eH2Wdzu9ORzO386lYBAMAEwR0A4IazO5FN+7mxlQ2NdmrOmshqMrkmd01XrnxOZoapicHM2POOu08a0eDSqdMYxEPiXhk2E9x5jHtpV95pozp+owkvah3ewYp6+fUN6nCx4O6SyO39XW/p6qw+tN7QoDKDGAdTAQBmILgDANw7dx7ZZHQPExp1jrrHUfZae+6Te3qb3FdWU3g1n9z30yh3nrTeq4/WziTulWHRcKGAgztX6BMR3NuaE3eoxRD3/diG7w/nZpOlgjvfrE6nu/Wfb1Ff0UAHZuDjYCoAwBwEdwCAOY57eBDd05gGm1rNkMm9GRpiZJV+Q71yjKrpEOGtcHwan5FPOf3iuLdGRXKvDEuHgJ6MjS/TKdP+fRsO7kdO9BVPsLk4iYJ7QERTHD8pYWfn9rT5ZG4/n2jQpGaQ0NVeAQCADcEdAGBBLVtmktAwTthLdWHXmrISZlok90711tTT+VDT7p8kM+9R5POGS/JezbX4ZPxXKmJmCu6GJslYT+epLa3HLS6NGDl5FAX35vrffC6NdyK36z63F8/m9vpAo21oBgEGygAAzENwBwBYtu48YjowljSjRwmzs/q+Uz20kcjkvrLOsIbNXHKvqRdOrS9G203rqTHRWDLPHwV3rtyPz46ss6za8PV5iPttwT2fNrfO3mYW8n2Kfp9HnJVHN+3t4tUAACAhuAMAPOKsTsTi3ExC/zPJvZxJ7i31eBakTO77sZ2GA3vG6dk7cm865+vso+CeD6k45uBOYry7nubB3xbcY57hLjrcZW4vP5HbZWzPUuR2AICPIbgDAHzAPdFIV8YSPBwuI5M7BZzceV6K41nl5tJqm+EeHDnKnSKOzwduxNHjFYoPgrser7Ltf890P2dSDHHfDQV3PRbaI36J5yjmbOzcHtDTuV3GdkoMCwgDZQAAliC4AwB8yD3N9GLLtvUZLYkNRgFX6TmYnukqGrvms1DOQHeolw/ROrbyOR83HbN4+UFw3465PJHBvRgvknK/jeN4nKhDPSxfkgV3O7f7w6j6yFp52qoH6qNHLE6R2wEAnoLgDgDwhKlArKO5RveVusXBlgvRlflDJved9Qzj3yV3R02V9WZI8DlZxiAvB0KOM2a2IrhX42uraQYNX1MMcT+MBfdwiPgBZ2ouuNu5fYjcgdz+uuh8oEkTGOR2AIDnILgDADzDOdgJmIXZUp/7THL37eR+Wqs/OqvXxGSc3Dn+7uUEdp8vwKE74ap+RlfZWEKP+YfDUwKSi1PFJROeNrmv6YJnt2vDvzqq0fpk53b/2dwut1tpMaqnQG4HAHgEwR0A4Ali5Lgffja551ZyT3iOpPWMzIx5Xaxr2iiPB8KMST2d2ZHap+ZCNNDwg0HDmT/kQjw3yIgh7p7q6IKXpSZTMbxWg7VHV4mV2/OPcvv+QHexnfnI7QAADyG4AwA8yelokM0l9726t/asF/jcVWIl99qzR8uMcZuTe3fk38aiIZ2L/xE/oaSrJkmSxn7Az9CyrUa0zcfTEPfzFMmjMenHspefc3tg+M7s5vw55857ENvDDLkdAOAxBHcAgKftvds1nw/j6kxyj0M7ubuXZ9iV64AzfElXBy5+B9MIGMbHT7M0Snx6ZFumKclpkGJQTTA+oHVLF82Y131+ARfcXTu3h/ETuX1/PNFMbGepRm4HAPgAgjsAvDrHPbar3Vr9G+oNXemZ5H5y1D2Z3If/Btrqr3Fvatdcl2ccq3no+oiPnz5Prlnl0fD81YBOLvX4RGrOBfdWXbn2Sqow+yi38x4rlgVGqmjQOuqr1rtVe3SR+wHgpSG4A8ArG4vDp1Wtvs/pOLOK5L5cLD5bGdvE3MNuJfcVd5vbAxtNQsxqZGlEps/KIqNPaooyLIimdN6IZhxaeRzpQz288Zx6Z3XBuZ33wcZycZRUr04k+ZGRwpi+u3eJ/xXPVQAArwvBHQBemEuT1nXUt+1oYCd3Tb32wTvgqnSWDsmd50h21hHWXFvVd8aj3Dlqz8vibZIkZTRJkmQbZzRDfg2IOJ2302z5Ynzg27e3snN7mvFfE65cJewPJGVBaG6UWmyy+jzHbWmC5A4ALwzBHQBel+ORzev26rv2nkzu4iypujWT3HV6u7tpY7XTlHRRDtV3xsMaG24ssWXbpIxCsyiMgmSb0a2Kr8olfj4say19yu1E3Incrh/kdp79yJoiN7fCLQ28vfqKfeeRzUO3DAC8LgR3AHhdLt06HWv1DXKiCisftXrsOHxbyT3M+CU8FDLmaebXpzTEpvVI5U3/e+NXkXlSVPnNTet8aa946vEoyEwW3E/qouPJOnZuT2ZK5s7Ku0ntqblXaRpsavV59XjoFSV3AHgLCO4A8LpWNGPznZaZheQeLCd3Dru8o0hHIrk7fMWCC+16yMX389ZjX1uhvczNJ+WBFd61H9vz4Vk1hvG47wTiPOyI3B5pIp3O373Tzad2KWpodHTUZznuhmasFADAq0JwB4DXNezuD3xNwmGvvoG3/QdPrv2Uyb1/ICeXn8UTeCVTScwfIz3bVrn5orzaki27aamPzRjko6mHZrxxzu0BLeZ2WW3XfmTmRDF9o01m35Gg/aBBcAeAF4fgDgCvy6WeTvJgS4J3XKsv4wBbmothe+hSx8dschcvcfiNptzC7svRMlr2tm+D0HxLGGxlgV1Tj4/JZjcF95V12/4HuX3n0SQOwqXYzg6O+pz10SNhG+SJRqsMALw6BHcAeF2ORwM/z6uMhM3O+fJ1N/Y896DiGL60gMh+fkozyb0je+0RPyOmUZD6Igp/Xxjw1f00kK3vJrktuDt809agefuc7UYNziea+Km5ysvE90szCmL6crnd2W1IaKo893E4FQDeAII7ALwwl9g2MmmhSTi46mtkcs9EDCf34fN5QaoM+y31tjwTklIud1+MD5okN/+aPGnE5fktpHRbcOdGfH7n/AcE0SPkHO73o+bBVl/Stfhnv9rd7h5I0EVqoi2xnQIAeFkI7gDwyo6iacOYckuC163VVzgbq0Qe6VQ0tnSOEpaTe8XJ3TlNbSuVdWkS4tL8y4KYpCbkgTapVXDn3F49zO077za2h0HWp2vZpMPaWj1rbgnrtry5haMCAHhdCO4A8NL2Hk2awJiwykg47b40iNCzzmkWQ88MX3Ktbo3BXIciuQec3Nfe1GAeT9tWC9l38hekPln6O9nShW8V3O1ROpzb+dd0ctRF3d7G9tzXRE0QytTO2rN6Xr07kZBVoTFBQ6LrBgDghSG4A8Br4wknU57Mi4bYV5eqrj3ieB1m1+Qe6eWZhGuR9PtXhnZyd91pxEtqFbezqU3f/AWcrgcBV/x1zt8bvB3ndt6ZVPT3Lfr6XY9GxRDbiSiOzCDY0pdju+MeZrY5hYmmibdCfzsAvDYEdwB4dY57oonu13eWPgled1aftLa2jKb6mtzTjAabs5Jkcvf5EW/8H5NpwnlZ59OGoiQ0f1GYWJMgo+l95NQ70ZUuOa37MrfL0e1x3l9UxPa80F+P7efOI8Ev7y55chHbAeDVIbgDwBuQq3r8lIeqWE6r+pMXtarQAemUN/jPdbovJ3feszR2guTcghJHGVfb/7Lcp14W5ZouGu6JYToVud2I3L4+Ecd7XoraBHL4I/M+scG2Xp1IyILwrsVngymQAPAGENwB4C2cW7LEEU83+fJSVZncC9IR59Urb6ekvT2XpU/4WW4n93aqegdkiXPzH8hj6jXEoyCj+9yeZ9x+79tTdFxPdsmkmfVngij+cmuSXI/KY3X4kly9BwB4AwjuAPAm6k5Wbc1F5GsSur16XmctYvKJAsOR9ep0VhNO+txnwpPdGxICsSa1icx/JGqIbccx8qxJp72u4W1u72igIzNO2InT2di+efYw8Ox61Ovlg4wsXa0AAN4CgjsAvI36KEfMhDzoxHb6xFLVg1WL9okK00vmS8ELyZ0fsiacit06Mf+hRJMYfmPJwuXc7mw474dmLMtXppdvybJx60/87zoRs/bFhlUjmm4Q2wHgbSC4A8AbuR8xc5FXzReXqjobmdzj6wXTeCm6r+iqepjcEx4ss83NfyrfWu9PP8jtlTU+h2dF6spcBJooS/nU6+dPESysRx2uqO1LYpAMALwTBHcAeC88Ykac+kx9TcJhr54gk3vBnSKm0gvRvbPaYXLND2Vy12HCxzz/a6Uevzv4t7k94Fk3XIzvpvZ2DusFEfnhXfNN66qn7Q8kaD/lM7SWE06kAsB7QXAHgHezb8kydE3PLFV9qmWm9uyVqHw204QFzUV3mdxTLZcaMc19J/81HowTl8TsZVE6vcntO9kmE2ZEOuDP4AvHR9dHj4Qtz6bxydJi2xIAvBsEdwB4P+cDWeLS9L60VJX7RHSfxJvpMGkez4dMPtG6mNz5gv+TQBObze2llds7q79nuKMm5XL752L74nrUXhmT5YBBMgDwfhDcAeAdyREzDWfktNAkHFz1gfXdVtFCTkGUbR2yuyalXmHuknuWm/9Nnt3n9oJ6qTW/cuMop5XD24OhrUYc0T3t1ZPcAwm6SM0gaDBIBgDeHoI7ALwneU614c2kn1+qysk9GbvbdSAGLMqDlDK5B1Y2rmhSmP9VQZPKTN8qApnb6800K3J8lm8uwphGK/WEhfWogzARg2RwIhUA3hSCOwC8K0d0Zegk55gYZJ9aqsrJ3ecWmSwyV0F2N7pwObkH/1+bzHK7TGAWczvfeBZyWC+4Y+aqrdWHltajDvJCi/4lxHYAeFcI7gDwxu5HzHBWbJ5f9nkbYEvNy1m5YUb0eDgeD2yfkjs/5vr1/yptrAYg33rcUM9zlEsDf1qWGpiLQGyP/ZDjtiQ0RW6MwSAZAAALgjsAvLtzS4zT9uxSVe/BUlVnIxaHhgXPYJ9fz7/2rKBf8OOhUB2H5v/GzS46nWZVFmZ67K3VSrb1RJpzu0+DTa0+tu+8mfWo858dTqQCwFtDcAeAN7fuyBIHhoVBTMJpcUuns5HDVfJYfA9IfRk/ZXL3x8ep5q6Zn8C/Jvcxq/sitzsHuhBFdp0a0d5+VI/NrUeNg9Aw+T+gWysAgLeG4A4Ab68WJd/GTo550pCwWWqZ6WgQ5+YiykR0z30tojsnd2Mld83J/2dI6A9t5XYT09V6Lf/GYHzO7WlGV95efcBxNyQ0SW5YGIgTqRgkAwCA4A4AcDNiRiehYU8vVd2RPRmRBxhmgbmSu/rbjqw8vCUWmB8kILY1Vg+Mu5fbUsN4yu2arjZr9cjyelT+uDBIBgDAguAOADBwTyJD5sYSPLVUlcMsd7cnmkdNcpSXuAPlR+Z2Tu6yp4fco/ixSRs+UVtqujo4atHielSW+xonUgEABAR3AAAmR5v4qbHkVUbCZmYoYb2hga64bCy/BwTZw+SuU/PDpPo+t68201u/CDRH+OCp4e3ObkNCVuWG3R0JQGwHAPgDwR0AgD0aMfPkUtUjjbJIdnxs56dDcpU9+pm5fUzukRXKPU/+eaAgzu0VDVy1YGE9KsMgGQCABQjuAABC3ZGlCYxQbknwurWSzp6cCm/NIc+CxegemFT/0Nxu+K0FJFgzZDi3+8SzIpesO4+EbWkE2U6EE6kAACMEdwCAG7U4p9pUoWGzS1V3tbI5h/szrrnPF1uI7snPze1jck/oRhzyL5/N7fXuREJ2+/FWjTiRitgOAMAQ3AEA7jhi+75OciN8tFR175HV6i6Tuk5EdJdK80OVNCMxFxVneF6vShtHzVhej8ryRJxIxSAZAAAbgjsAwAweMcNNL1Lpk+B1ZzVxjjPNNlHD3wPED37oHEgpoFtNZK1a8vvH2cPcfu48EvzSSLlPGCQDALAMwR0AYN6+Jcs2MtLjparndia6B5quinD8wS/J7VZyF7dQ6pnc3jnqTr1aWo/Koi1OpAIAPITgDgCw5NyRJS7NVVA+s1TV9e6je1iI5vf+B8w3P5p/V27nd18YkduV8Hg9ahmMD2KydIjtAAD3ENwBABYsjpjJEx5fGPmahG6vBryLVbw05uhuemnMe0l/uC2xJDRWq0/Q34deyu37jgTtR+YqLfoedwySAQB4DoI7AMADHL9lpTxP4oqXoW5JOPFSVae7LVLb7TFNaXrVOJXlh+OSepwb6ySqlrl9p4T18UTCdmyRCau4r7sPg+6ZhxOpAAALENwBAB5zxDlVXYxps9lyy0zVLCxVrTu5zmlIvJyAORDr3Px4ubbuItD2KPdI361dmluP2lTcIrNtxu9AhRYnUhHbAQCWILgDAHxI9mj76djfMW38TH1NwmGvejK6p8aIcTLJ2DwemV8g4lZ8nmWZ9Uk8oJncvj+QoH3+sArdBOPnRpYNBskAADyA4A4A8IRzSze18yG/ZlxEXliqKqO7H8qiexOV9EdlfoWK/iitsY3bcPhxz9ur0fq4tB41rzLr88MgGQCA5yG4AwA8Zd2RJQvGw6lE28BchdX8UtV1SwM+lFpq/sFvOJhqH1DVhZYrmOS61MfrUYOt9ReLDCdSAQA+A8EdAOBJtagiN8HQo+1r0QXSkHBw1U3BPouG8TJM//iDqaNQ00TzCiaR290DCbKfSPvDGQExSMY7IrYDAHwIwR0AXo+za9vjWv3LFkfMhInmc5eLS1XP7e3yooQufk2DO7e5y6O1Oa9LrdXielQ+wauTEINkAAC+CsEdAF6Os6GLo6P+AvdEFp/nkItJh0FGwmlVK3U+ydGQ3C5TmF+kkG0yPE5m48ysR82mT2RrD7P3yXLCiVQAgOcguAPAy2mnLPk37Fuy+ON49ljsFsqLhoTWdcZlqhzW06xPt+ZXyeyp9BUNOsdxWxKaIhdbquLpWICl3SsAAHgOgjsAvJo1jby1+ivOh9kRM1ve5r+0VNU50ijLxzGKqflV0mmaTLilwXF5PWqeNP0rItMrY7Iczur76v2qa1satO3KXSsAgBeF4A4AL2VFzDurv6PuiN21gMRTg0hMwuk4let1eT3qmZhfJhmP06YZ39eJBPEJyJaif3mQTO0ePLrnHbDICQBeE4I7ALyUFVl26i+pxTlVXgOa6Gu9eXmp6oZGiU9Eza+ZKDMKm+sapormyGO6108j4WWz4kRqrb6p3m1oWYex8ADwghDcAeClrMjW1uovcXhauUinVcMd3mKpqvQbJ8qIyTKi5UWuR5Vd/k1lfadhp52jvml/oA+0aJkBgJeD4A4AL+VMPf38rEHn3FurT1oeMdPLAmvt0JzftHrJtnw3gbmZq5P9pUEyjnuiJxwVAMBrQXAHgNfi0cVW08Cbm+m+PrurVdu2JHlte1ztz+pZZ3EBucpfTjHPaIbOzS+Ua5qRWS0yc58Ha8/qO3ievtTEvYyEDRY7AcBrQXAHgNfSUS/IiJ263flcq/p8Pu9WR47ryzaH3Vk9Zd0Rm2Yepj4PRZyWqmoSfuPJ1KuEbunifnesn/KkTEu3Vt9Udx7ZsiKIQsPyMsmIeWiXAYCXguAOAK+lpp6OCvqedrVWT+AgKUfMcE7PqtBclVua/MqTqXw+VdiW4y+qjJP83CAZ77uDZOQXpXHrFQujP1JxJniD8TIA8EoQ3AHgxayop9OyoW86dXv1Mdm6Iff6y2Qrl6oG5pcK5HpU/l6y+BHwcYNvctvbsZOjsCxiGug4iaKGrlYKAOB1ILgDwKvZUE+XHBy/wXumuUMeltT3c8t1Icat9Brza/EtFLnsBJJz7bU4keqo76mPHjFuxeG2eklvM+p5CgDgdSC4A8CrqT26Knh4OJs705j0tnEca2KfHV7otnOpsoxnT2/+7oK7McHy2du45DZ/S+uq7+Gh7XL8Jn8/WoZ57gDwD3v3tp6oskUB+FNnScKkDlRxyMEAvv9L7ohaUkgiKO7+Fhn/zeqku7WTdTOYmTVqQRDcAWBxXrZ0ZBVzEVfXcT0zRinH16RKTFaRN3Y5++eKmWygL7H8bw/cjyP3cqDtMntKkUz9+Uo0cOGVX8dBcAeAPwLBHQCW52UbtKtLZYzROjbGlEpJvkkqoyk0Jrp/7cnrroxc3VBU/bcH7seRexXeLxVW2Yffufu9bD4bClUJXySCCMEdAP4MBHcAWKCXbZAm76Lyanp0j4KKmXLgkGZVuuS/PnA/PXq4sho4lFsGRTLR1yp0qOSM9s3FRxRF73Vdr1cXL3VbtP9KV7Tin5Zkts1nFEUfDXVtUSsDAAuC4A4AS7R+DeoK75Tmk2fH62g3VDETREzxXx+4H0fuIhiDDxXJ7LpFMus62jdbeoBvmRzYx3l9e1mdvUSvRGiVAYAFQnAHgGWKgp6Xgu+kYur4qFe3+YqZcH/E0sF/v1LmqKIO290K8nab1dnL28eOHhU+gDn98xmE9jArcjsALA+COwAs1MsrdWmjHN9DmmpqreF7Q/T7iU3Dd5GqNJlumXu/HnbKGN3KTKkk38UMnsPtaN5XR19vH1t6lIgTyR0uvlkQv64379iTAYBlQXAHgMXa7KjHHsKqOWVfSyda69wkAxF2eJf64311U72nDl3046bkyeR1P47QZcqTpKUWFKriQvJksv8ThUJTx75etd4/d/QooU3KgWAh5xPpHAD+DAR3AFiu9dtuYkIs5JjoTh+br9UNP1TM5IK+xTxVEdOwKk+nr+z3xQVPFQdL50NFMuvNfkuPsdoUKfdII4K3AgD4MxDcAWDRNq80jc0LOSK6026/eVn9ah1th86pCiJSPIl/82E24RESS7+oEp5GEZEITqQGmyvrzQcNEO16jlJ8kSpVGGNy3ZEZYwrlOHT9Zg3KHgHgT0FwB4CF+5q+rZGVblzybfZR/Ut8X292V50oioiqmWK7Vxk5alF/zuhenR5AXC56ZwCGU7uNJy7U34ztu/cVAMCfguAOAMv38tbQRDaRtypmvG1zaBDf1PVAiA8n/rHjmIhKnkBVwcQ6N4U6Ko0WdCYS/kUiuvtApToqTK6DTkfFE5REFPeKZF437WHU4R9jPM7Fgrzt2woA4I9BcAeAv6F++2xeKdAc7UbUD0rFLVlauq1pfUbf6joKXr9Nyo5Hk3lnm71w3OOSjE6s4h8oSydZcv0KRWfzPZc8miMioamjqdsK9RuHX50yudaCWlrno+fwRRYs5OBMKgD8PQjuAPC3vNR1/bXqWdd1tG+orzKOT5LY8ZErLT0mu2PcbkvHw6Rf4YklD5Dxbz9E8F/S9KF7RoH9ZqD30YaFMMpoQR36W0Vk85RvcOGuD2I7APxJCO4AAGcvm/2OQrHio7SK3SUrxxXdL+Gxyv4DxDClg9g9GP21GheMSx4roa7dlvps6cLQ3tn3UcGcPVWOA0MPFqiSAYA/D8EdAOAiWNEOS9hlRplizxVGC7qL5JFiOtAJ31RU1Mq5J6dWVfBNiaZJVZWSAr+ldpnEwm+7O54kNZa6tp+I7QDwVyG4AwAEglKUoG+lEFQl8vomU/GcTRlpR0zK+wsxOvz36f4SzYjJvZXTd2VC4S69K+29Vz0pkwkiwm47AMBqheAOADBovXntRXdfRpgNpE+plDLfYn1g6VfJhNxu1dTNlWwgWic8lrITkntCQ0SWSPbS3Abb7qFUnXHIqcRkllphaw0AwB+G4A4AMOhlv72O7i4WfqB8i/qWGGO0rqjLjc7tIuEJUkEHsr/MIlKeIBGjk7ujKzZXfOELa6rScVdamFhXFNJnlgZt9y8rAIA/DcEdAGBIcH9SMHWv2o/iUvF4UhUm03RgR+f2XPIkig6S/khc8SQyH53cLXXpoKxdJpmglgg6Y1ySa7rDB4btAAAI7gAAP6sbuqhKyQfKn7TMTKIcj5cTUT4yt1eKe9LCmFxrnRszXH6e93ZlMvrh/aQq/UsVKfeoamRyz+nIapP0ah/tUBu+u7ONZ/uxwWY7AACCOwDA7172dCFy1+k29KzWmWkV6iTlIdnYAXjWP0/qSn19sRH3yIq+sUffKsk9xVV61qXrn3TNxo74rZIcSMtMBI86wbb7dE1UrwAAYIXgDgBw09d++D5VVcaWfme1jo0p/FReEBGPkItk+I6lUJVwqKBvKlidKTiUVBQYvp0pETmPQESCL2RwwZKI0+BhYbrXD4R2AIAzBHcAgNvC6B7ubLu2ELKiW6w2RZoSkebbEpvyhTSCDkR2fgRwSpXHJGxTDmgiMnxirt8utecF/fMrFefGRWFk8AcTvk0TUXpe48mqH54E0ljQgF3TRGf7pnklrzn8To2jqAAAXQjuAACjhNGdqjzlHqWKtg6SbjB8UxqsyRjxwzu6XFwVz6huVtdXizmJ8Os+XWleHaN7sC6T8k2GiOKBgpjq8h4ur6hv94FYDgAwFYI7AMAYQXS/dZuQVMoYrWmY4pvU1YhcJ5dymgOlfAEMxf0ZuOAT0R+4x+SrapQ67eRLbiX6aoCv+CZFA0Ss+ESWlnpeP99x0BQA4A4I7gAAo62jLXkj7u+Xqsy1oB7JUxjytzDJsJJFm5SZ04pIy96lSO5Ss570rlGt2r9kdPAEkkh/9xIZnkIOpPaCz4rsqokd7TAAAPdCcAcAmGLTUJ/QJlGSf+SKsICGJ5AZEYnyWEFJV2zi0/iFIFJ+HC7Y8xk/sXTlOCMvBRFlkiewQ6l9eLF994mDpgAAD0BwBwCY5utzR0O0zk174nNQWmZ0lPF40hKRducqGFumljxtiahSxzL1kr3cT81N0OFeUvuhal9Jk2fT0p4LapwmIit5vCz8EcCZK6t+asdOOwDAYxDcAQAme99v6RdCa22MuQrxRV5NW0WR9hTJU01EsWtDuSecaj8tuRDdYsiiG9yLbgmkKFjGRKSVE3SRM7v20ykzlxOTuzmH9kLymUx0f0MGs3YAgIchuAMA3OP9c0cjVDo2ygUpV03K7SI9/TXrmNlRV8xtZLfuOCgXp1V1JtL+nOopSMfiOLp3to3vHFNX+9L29FCRiknJXRFRUD8jk4xCH5sVAAA8DsEdAOBOX28fWxpFnOfRuk3JY2XHBC2tb44xFGBmdwr3pbjsz2vSHPzC0jdRnkK5Y+ahgsqYLu+X8ViOiPQvqf31DadRAQDmgeAOAPCAl81nQ+PYXHFFRDxWQZTJNmz7IK0poM5jecnHHZiKD/JLcDd8UB03alieh+mKAvqyri7S44nYgsfyb8upsRTaYrEdAGA+CO4AAI/6qqN9s6PbhA/JY1SU8ym3U/pjcGdZnSbtaUYJHyRkuWX9JzJ3/JgqyT8G95ROyZ1zqngsTUTt4VtBPfv3FQAAzAfBHQBgJuu6fouipmm29IuMx4qLY3w/sHIwuPu8nffWzrnVW6jP/RPAYHCX9lJXWcSTamW0oL4Ghe0AADNDcAcAeIKvut5En01DVwxPIzPyg3COKSB9PbsdE9wtUeWGrk2K2Y/2KZM8jaFrr29fKwAAmBmCOwDAM63rt/3k4B5S1flsKRcDg/JSHBfYXcpnRP6/Z6k7rsGLcmB0X5xepq2Fn8ogtQMA/H8guAMAzOKlbkWtfdPa0jXF0yUVnWrWbf+llD2mbaU7fTVUcauiTveLVsxFRWRVf1fGnoriqUp4OkXXtk1rH7XqFo6pAgA8CMEdAGC8dd16i1pN65UmUTxJ4figyOhbrFJBXs4ysce07bJge/7SKhNsomfu+AxgE8kxeSJV7UdZwQeumBrcJ9k1raj1VrewDQ8AMAaCOwBAwA/P34PhOc3F8SQyy5JOQ3ql6cyWGZGIFbM04XK6uwR3F67KG8msYkGUlZbOdEVEWSL5IMkyyZM4mkswpn+vD3DhKgDABYI7APxRX93h+WfT2tHz8VSlEHHBLWUyTZ6Oy5T9drphT12Cu2LP+E15Tsu4+zqZUdwqYiFKnoqezY/pP7tjeizSA8BfhOAOAMtVd4fnH02L/imezLWT9UT6j9U3F+y/h4dKFeXcykldHXKtkuHXkUk7iXc8Gf1TTesjam0wpgeAhUNwB4DlWG8ify7036t0KzcHpWqTM99BWfpmTSE55ExFB7nkDkOm+wtP5nRQGcchWeTHd1B8h/a5QZXmINetiv45f0I2QqE8ACwIgjsALMXXnv4B3cpMq1CtHyOu5rskllpVZpLjqytVxhW1dMqBmApuFRRzINXUquLy/CqJySpq2YTvoomIB6lWYVqxbtE/sMdaDQAsBYI7ACzEy/bpw3PTKlVL8g0zBHdPZXRtuMPRkuJWSnagWXJYppgfCO4TSdUqTevpY/otuigBYCEQ3AFgGdY7epDQrbg7PE/5YT6qPhDcfa9MSMSK+yQRnxBJ7lOxoIDvlHkguPvHmMelqhWM6QU9aId1GQBYBgR3AFiGDY1ju8PzxA/P5+AGBsmaujQ/RJnM0kmljeIBBVk+sVQMv8plvG39q9yr9wUO/GjC8SykaiXd766lcTYrAIAlQHAHgGX4GBie56al5hyeqyNz12lMPddQmn+UU8wnMeX8o7m+I/qus7pGHfEs3MD/E0EdHysAgCVAcAeAZWjoQCc8O2VaFT1O89NVlPBJQhU/nabHVaaleHaJpoNmBQCwBAjuALAMH7emu24pE/dfpUSOTxxRyr/BxB0A4D8FwR0AlmHajnsW7LjzM3bcs8Ed92eLqWKvopifTQ+VYz5/xz3DjjsA/EEI7gCwDHO3yqjntMo8mRQUsxeTkPwkaJUBAPj/QnAHgOWYucd9/iqa/0dwL4kK9gqikp9k7h53Sz9BjzsAwAGCOwAsyL+5OfVW+fv/N7hXJLhDUMUjzR/cU9ycCgAwIwR3AFiU9SZqWlt63OzXrVZExM+VEMXcERMl/FxEVClV9s7q/nvbphVtsCYDAMuB4A4Ay1W3NlHrozl4pX+Kn6siKrijIKr4ueifem0OPqLWpm6tAACWCsEdAP6ir7oVtT6b1u4/H9xLIsEB8fQtd3q+XdP6jA7e6hbWXwDgL0JwBwAI1K13P6Y/oLk4fiIpiHIO5PTkYhlHc2m6w/N3DM8BAHoQ3AEAxvJj+reoddeYXvET5UTkrnN1zk+k7hqeR93hOZbQAQDGQHAHAJjFS3dMv29a/+/gnhJRxj0ZPff6VPXzudB9d3iORkYAgAchuAMAPM/X2yv1GH4eS0RqKFhbfh5DXfs3zM8BAJ4EwR0A4Dl8ag+Z50ZozVf009+173CMdIPjowAAM0NwBwB4hvWmoT6h/SrLMzhLg6XtCRFZx8+S3epSj6I3rLEDAMwAwR0AYH7ve+oRWZk+7+pUZ4r2P7riAZV2/K0wjp9AE5EYdSp1H2EIDwDwAAR3AICZvXxuKWRNyq0nXZ1aipSPHAfCT6ai5PkRUcUqtzRO87lBegcAuAuCOwDAnNZXi+1ZIoPptOO5xaR4FEUxz82df4ogC6MFjbL9eEN4BwCYDMEdAGA+m4+h1O6l8TP6IAuyPJKlgmemgqOvTplYVzTC7vN9BQAAUyC4AwDMpN5vKaB9aj/Oo59UK1NRziPlVPHMDBFVecEBp5QxRmst6BfbPbI7AMAECO4AAHN4+dxRoCodn6VGkxfPP/LO+azkQP+T+fwD/4yOsjLlQU6p0uRa/zB3x84MAMBYCO4AAA+r+6ldxCmfFbGgLsvzMp2XdKSGkr3jEzv/wN/ShTaF4x9JlQxtwTebFQAAjIHgDgDwkPVmv6VQVgSpvU/OHtx9XM9JSO6RgvJgH31WknqEzksl+UeuyC2FthFa3gEARkBwBwC42/r985V6bCn5RMWCBqj5g7tIL1ctSQ7Iy7VMqZg/uCsaprUxSjkeJIu4osAeGzMAADchuAMA3OOljj521Ffljk9cXlGo0rGJ54/OBR3ESiWaDoTiDiXoQCdKxXRQ8KwM3aB1bEyhFPekeYXoDgAwCYI7AEBfG8ujpmnIe22afXTWNDvyBhfbZWKpo8pMkfJBOv/dqVJQT+z4xMXUIyTPShNRmhYms3RLpTNTKtfN7gLRHQBgPAR3AIBAHX280nRVXPDQiozIjJJ8IYiInz70tqZQqjCWrhieFxEJPpKqMCbW2tLvbFwqPikyRHcAgLEQ3AEAvDpq6B42T/lMlhWdiKuKRKnsE65gsuTZpKKeKrHPq7RRRJTxkFSdFKaVhYleG8UtF4zd9y8rAAD4AYI7AEBrvfnY0h2qOHHM1xNka1LuSBPjg2vO85KaTrRkTjJBnsiS3u/PK5/45TiV+K0aESv/qHPR1CsAABiE4A4A8G3zQXfQeeI42Nn2cVmyJ4tcU5fluSX2OG730+7SfCtVOvT78w/7dWYKJXk8VR5rZSoj+SCp6GK3QTskAMAQBHcAgJf9lgZZfTZQEFOk3OVMRa0qL/hC5ZauOJ6fUjd/f36u913RxphEfePbXJK1Y3d3Hd23n9iYAQC4huAOAH/d5pX6bGYS5TikzlK+khp7ve3OMokFDUl4IRL6ldUHsfmmlJLcJ4uMSAxN3ekVY3cAgD4EdwD409bRjgIiM4pHC28T0qXrpvaMfpLxQmQ0iWgLISV3yKQiUfBAdKcPZHcAgACCOwD8YV/Rljx/oHSk8P5+ESeSPVda+o3kRZB0F6FN4dhTGWWSW4mmwMcbCiIBADwEdwD4s7721GVLx79wwYqMVMrkWvhuw5R/T+3b3RJ3ZRK6X9V50nFxlfoOfArt9hssvAMAtBDcAeCPWkfUURnHN6S5Jar0t970WPW33Xu2H2+b/SJ3ZTK6X/is5OIkPOUbavZRXa9XPV91XWMiDwB/C4I7APw962BJJit4HFXmWp8Tu86Nctfb7qHX6GVVN9TRzukdL4Brvw3UsYvqOvq2b1qjsrvklpJBG/6wXXNEgdfm8w3t7wDwNyC4A8Cfs9mSJ2LHj5N+2z1c0e631sQpx0RU8lO4whiTOPZcYowpHD9FSUQxuzhsg1n1vdR1vYmiz6bZ0pBY8RWZWJqoecNKDQAsH4I7APwx7zvyhJH8IKnK2JIXlKKsNzu6ELljZkVEFT+BD7tVnh6Xeyo6sgk/QUVEipldLsben/RSR/uGvN/+ea7MaKLdJzZnAGDhENwB4E+pm5ux3SlljMl0R26MKcIOd6XU4Q8JosHU7hdy+m8mRRt456aqMAuHM+vqCW9IROL0JRlBF9tovfrVy2a/o0CV3PgxxljNZgUAsGAI7gDwh3ztf43taWG0pcds95u1f6teNPXj6Zhnlrdvkp26bjyhc5NV9C3nmcX+hwjXJez7m6Pvr81HP7oPkoXRgibYvaH+HQCWC8EdAP6M9ecvsT31CfEBu8/3VaveU4cuuOXi51S5S33cn+dgRabKz5+JiUjP/JZ0EjtuFZo69vXqpveP36O7J1Vicq11eCVrdvyxiKWeHabuALBYCO4AsCzr942vDgz4zRUfNz2ZxIIetb3cF/TeUEemuKU0eYZnJC2RVcFDSJaZYK/HElnJMzLkaeWvUupo3lc3hWcAKiP5Hk4ZTV2vOKcKAAuF4A4AixLRwes5Q3tf+y152nFHkdGjdh+dUhOfRoNHhN7S+by5XZR8QynmTe7V0PFSF08efdcfvYqZOxXBo1e0AgBYIgR3AFiSKKhQP/t6eyXPD6f90vkjts0+6k7411FQJGMcH8hgB1zMentqKkg7vslpqlKeS0JEIlh0GTqnuovWq1v6hwHylO8SPoC9YtMdAJYIwR0AFmS9pa7mIzo0iG+HdqnD7Y7wQp9oU9cv3Zet6/o9iqKP5mIfRW91vQp9BUUyVTmQZqvSJXOO3FNBJY9SkkjnHLgnrqwGWnPKKqiY+VrdFEZ3qnLFk/Un/lusywDAAiG4A8CC1HSDSPgiqSjUfG7uzns/F8nE5Ik49bF3rtxuUx4ptXMld//okcaCvHi4YmZCdPe0UZJvkkqVxphYZ8aU7V9wMZI7ACwYgjsALEhNw8KpsJ8Md71+1g++d0P0+4nNLOGjcraReyFyPlCJybQWVGmdHyMsS1XmWlcktM5MovggF8VsA/eSj5Js8BxuR1OvfufPIASqzBRK/lS0n+mKeqq4YFYWyR0AFgvBHQAWpKZB4Qg83F7xh1kfs2moI06vOhJt6cJzlAk/ztiUXRJb6tOa+mycOE6tmWngTiIu+MiV9qr5Mo2nXoy0ftvRkEprHZuW/lbRtbCZJqejLS5SBYClQXAHgCXZnoe1gnp8zLxKlduHr8oPi2TE9cqI8EcuXV7NViwjdVzk2m+VOFXGA1PoUjk+kMponRexlrNVylS546M0F9crQiKomFmvbnrZb+lRwshCUOt1BQCwLAjuALAkER1VSnUuVNJ5IflMJnrWW/J9QbwPjv2Zflb4t7Z0kfCjlDrei2p9gOa0tOTZMuUTl9vj9olScwzcPZtIX+oy+C3wttF6ddv7fkcPqopUoBUSABYJwR0AlmT92mlvYVYHMrxqiXo3fD4oXM6uEtlrmbRlL9l6leQ5pLkIb5SShcm0zkwhg7oVP/Z/lKzIC59L/EODyIdqMLf7r9UIL1FDj8mVoBaWZQBgWRDcAWBRXrbkWVO44OL83FJg//Xw2+2pQye9VZwqT4N4HTI8D2mE78sZlAg/Bp+BoT7R+TKr3pp/oqlj/7IapX77eKVbmuYzeqsPzZ1fdf3WHdXbglr7FQDA/9i7s3VVkWULwF9CJCJJj2CP+P4vudekCTIAuzWtqv3p+C/28pSAyrkZ5IyM+CQI7gDwWc5rEvKkVRMTpRu/cLORTEKdQCxFz+nCvEmWc5sXiZvY5Jl5k0KTMPvDQkCd5PUWM9Jlvzo2jTeL681q5V58NeMf+Vi9oR+eAgD4JAjuAPBpjnQfb5b8Jd6RKpuY57L4W/ZLlDbmXaKciAKzKCCiPDLvcvvXhNNS/pz3qcpbr17lX1qOukdsN9DUuigAgA+C4A4AH8dv6IHDXv2SbF6o04Kbw0/arQSaliQV/RG/Obn/C7k9ptt0YDXPEcNji1S0mNk56h9ybqiD7akA8IEQ3AHgA12uJL2zafuskUydcjqdNjivadm2C9R1ZN4l0kSUF2aiyIlIv/FjaiIKUhqs1yTUdrt68UyT1qJO6az+ITsEdwD4WAjuAPCRHPfg0Zx3cM/qt+SA/lrWgyRhJNtOstOJenk2JO3UvE2m7Yod+zvpzLxN2j0HVJp6zf54IrZ4B0Rf++nO4Pe7eAjuAPChENwB4GP57qppqNc019X+rH7vciA2TgqNN93ae2E6caBJuO6P1NtEbaxtz8jM22T10EsnzozJ4irN6Uf9zs+gP7bdSv7g6OyvJOggNp2iW2ffxDxJ1nK4qPeTnYV8BQDwQRDcAQBesG/IMgTUMJFxtaxJaFzH4XC77ZJ9H7PN+0QlLSgj8z45cYeakgaeqxy3IaEu5SNMEg7/F1mavXo7u5t/owAAPgmCOwDAc243kqnbniqR7KnCTquzlSV1LJuhl+aNijQnIU8L8zYc1nXFjx6d00Wp8+pEQj7ekQ0R1TdbzLyfc6Qfa0cBAHwSBHcAgCfIHalyrr/ckkmCd70o7i7P20eLnFhs3iqKt0m3KzTZxpF5q1jOjorKSXv2y9UjQWzTFbdM9tN/P//YNDvkdgD4MAjuAADPOPN0H9HmMNCkA3tuqHBwVYurrpP2tFgTe2fLF9l/kr/Yu0SaWFK0PySfTlZyD8Qms2PbW1X0a/CixczxrAAA4AEEdwCAp8hGMnk4ZFEeO7QwHvXEbSc5tweyTEaXmscwvUe0ISGIzPtseLARl8uYVBNr/PZW7U63hqqGG2tbQE6WK6I7AMADCO4AAE+4NMTEKP98LJHZkOBdfTXYe9TZymwdFKbi//wO3KUx+YPz9bts6Y8qruVDQRTM87d/9UjYjCUzuX3/LA2GnAIA3IXgDgDwkLsmy1B+EtZaVIHcnszqUi/k8vYx/wfvLHMPuwXuzLSybc6f+q4C98D+g0Edd5+TLCyd7w9kE/VEuh7/YmFZuwoAAG5CcAcAuM8RjWR0yWNANzfHo67lpkhXtJPJNLV0aK066+JtuT2JjSVO3pbcC01EedS+TCaVOPFSdHd2t4eqbnjYbKlFixlsJwUAuAXBHQDgnuVGMkWa2GXbwunoK2FFHZ21h2tqBTIB59F7RqfqrZnY6vcMTo1yIuLrVzXx8wd3pWdXR3V8OVRVbAhI0mKxxQyiOwDAMgR3AIDb5I5U7kNeltnt8ahq4ipzu11jEqXENub3ctLZYpzPze9tqJNkRm5KTbiZ/WL8vj1UNStTPhX7VAEAHkJwBwC45XIlSxKaTlhZ0/yF9UKhx1UsqZf2LNNYnB6Y3wpFbhfJPTS/FRAruRm7/A8yurtq4LhrEuqUS2bC4UVCliv2qQIAzCG4AwAsk41kNrGRojAh4bTUi9yRuT2w+rxEJUmh+aWcMrMoo9z8UkhsLI+JUvEfRHSXXWLO05KZJIyMFG/QYgYA4C4EdwCAJe6JLEFh2O3xqHPOeiG3J7zc/t7kntHW3LCl7C25ndWVkavudbwQ3Y+OYotDVaUiIMsJLWYAACQEdwCAGWclGsmkhRGKsiahcZ3l66zt3itRQmPP9pQWVOY30trcVKfmNyqaSWKO7vwfeDfswNsri+M2JNTl9M6mosUM9qkCANgQ3AEAJs4rT7QwjCYlMjfHo0pyXCp3ZckMZ3hbqvnNv5WE5qYwMb+QtV8uvRXdt7X4u4RoE3NwFFscqsolM9bFmLfCPlUAAIbgDgAgzBrJsEfjUaXl3J5EHISF0GS/Tu7JU2++jr9aeGvV3YQ5R/dp0Yt3UcKdoaoGLWYAAO5BcAcAsFwO82DKslKTcHDVbS71tmNuL2XBuHeyDonpl8m9vPvmL3M7xfzFF+9QvBGN7k2c0+CoptwDCf0EWhYn2KcKADCH4A4AwGQNdhAbS7HNSVjvzuqOFfVCzu06lI0V18MxQXfEL5N7Ye7IfpPbeXttQDN5yFtLNUd3Weq+Pqup825NQr4txIcGZGmwTxUA4A8EdwCAjmwko2UjmXBDgnf01T3OgTq64vBbZxzhW0dX5nYO+v9XQk10M7nLcqIorbvoblrFRuxRnfKP3vJQVX4OQIsZAAABwR0A4IfDO1J52ZhlgSbhsFf3+WsxLjXTY3l7zmF2zO2ciP//kntITHzPa7N4u8LcjvKVpt5OLdkfSNBBZjq8x5V5aDEDAIDgDgCgzldPLCFHdonMo/Goc3uPOvmY2wPTv+ysfd/rj7HycN6+nZr/Gyn9oXMrufevPf/SLP6BIk6stu5FQr2rmlscqmqXzEShaDGDfaoAAAjuAPDl/Kuc6fnaeNS5I7VED5lQrl8fHN+bV6DkUaY5If/nhu+lsyif1/R4/mS2bLdaztE96QJ4Sr21oxY8HKoq/x9w9RUAwFdDcAeAr3ZpbjWSiQNNwnWvHjuvRW1JG9Z1LFPsSoncXo6vM82J/z8XJV1uH9N6KZL78r3j6vaymxCrRXJftL96ZNO8LxgtZgAARgjuAPDdZKkGF3w8Ox51bufJWvWQK2ZMQD1XOf1RdTSuw2+s13Vm/nNZPf6OaGO9rqnlOaLtvewOmfDG3CgnTvrLHg1VLQLCPlUAAKUQ3AHgizlijqfmrLgwHvXJEZ7nhsS2VFPy+rkdYJ21dVBorc+HfHpo/mOhFk8gwfg60/Ya+vnoLXWHjHOulwnuJXd2Xt0eqlqUWsyqxT5VAPhWCO4A8J1kI5k65ZhYBSR414t6zopkebsJxm2pNXc1v5vbWWn+UyWxB8ldOSJy17GV/PWWS4Q4ud92uXokBJXpRWmNFjMAAAjuAPCVzteFXuSvjkeV9icapIYX2bsrc2fExpG5PbNiekC2vDD/mSInW2BF+Uwm9457WiiYiUouAHouud8fqhrWZEGLGQD4SgjuAPB9LgeyJJXpRNuchNPu/PQlm+mic1ZzxUxqt0W8UqfiCMxr2uy/LZcJNTH594D+F1X8cwb7hkZJYVpx3Zfrh5qT+yPn3YmEfBuZTpWQ5YB9qgDwfRDcAeDbiJBJ3MKkenE8KpOxncqI02/evoz4wjsrt4d3cnuV8H7Vfxt/XX0vuYec3MUtmN6DqJQ/lLyzemw+VLXiRj9kafYKAOC7ILgDwHdxT7NGMq+PR5XcZlbjHQVcpz5OS3Unub3Q/DJKZExOibgxy7+Jq3rSSJMlj8bkXiwmdxnd9da0Yk1Uyuqah5aHqqLFDAAAgjsAfBPeSClm9c/Ho77QuES2Q+mvmOWcukNtV3jvhuO40YzO+pdM/1xjS61NYf5VxYZL2VOaJfdM88st96RnMronGXeDD55P7szZ3RiqGqUa+1QB4FshuAPA15CtC+uueDoKNyScXiiR4Qbksrh7y5tLo42YHepSJ7iV23kFXvPDhfkXcSiOuWH7reQecFd6NonuqWmVMrkf1LP844mETRh1WxFqUdGEfaoA8DUQ3AHgS8hGMnn4t+NR2ZkXhWU7lSzh1Bprvq66nduzWlzG/LERxTf/krimQc7lMKzO7iV3djlRhydPhUSB2NH6vP2VFoeqhjlazADAN0JwB4CvsDSev0hrEtauo54iOxfKLogpR9aoJLLT7Z46AUfzvOAwzH6uE1Or5oX8f0GRTJf9E2qteagUd4rcGCu575W08yaV7rGm0noQcNULHHdNQp0WPJyVNWgxAwBfAcEdAL6ATH9B1pbIJC+OR2Wy6EZO+w9rzquV5kv76g/fI7LWq2X5CQsMV6noIs55D+0/i3d95nHChfbF0BSTWnZZT8CvFpo8OldqcWOcTFP4l8l9aahqErb3LSDLGvtUAeALILgDwKdzRCMZHRS/Go/Kq/cjXRam06beIJosYB8cdTu3c7w/UasY+75nvOrNu17/IVE6LJFzr5ty/B4Hlzq6up/c2WUty2Uy3Yb+gI9/0fJQ1aLUosUM9qkCwKdDcAeAz+asvGkjmaKsSWiez3zz2L4JjYjtBVfJjF0gp7m9pOlUUdp5fV7m6Lzlt/mB459RBNoqbTfb8bEhp5bretQJecNtKZP71Ip6Ou6Se/u7N3z8i3gbMKvLAi1mAODbILgDwEfbi0Yy4e/Go3JsF41OOlFYc7q282TTXd05Wb0eQzHUqIuyq/HtoLv0rIwmyMz7yZKT0nC8TsZHCM/37eRugmnzm5OjpvwT2adkWiT9s3rd8lDVULSYwUwmAPhoCO4A8MmOojR6YTzq1VcvODcLqZ0HOOVhNI3t3k61nDWXidu5fcu53fHoR8o7U+uIa93FT3izMCEhNvyx2/ELnhxO7luR3G+1ZxeV7mmX3PnSfPzL/Ot8qKr8CUcFAPC5ENwB4IO5xDaxyUpNwsFVr3COk+4mvWxbk96ECwOCDmfVupHbA87tylpwT7hSZUNMi499A9lWR4vpT1n3shi/QqM4uQePkjtzyT4lzI08/u+4BxJ0mZl4QwybVAHggyG4A8DncjzqBUWxzV8ejyrtvcWl7yoo06pYqjs5XVTPzu2ZVXHCIdZecOdXIY3CLBBNVX5JttUJ4lC2kQ+Hl7xEfuSHD6vGJ7OTuJqTYX8bviW5z4eq5tuiCKjnoc4dAD4XgjsAfC6XWjotwg0J3tFXr3EOxJL4iboTb6cGV2rxEvUst88W3POuwJxpLlvhIp3f4HmxXP2i5cDTYHiDg7Y7Te78B4Q7g5XkKan5UY0/+6/5R4+ETVikGkvuAPDpENwB4HOt+i2pgSbhsFev2nuPYnsWLHY4uZXbo9wOsGLBXXaC5OCbk22zLcxfKrYbsuVtUmeV6T9MBvPLGMPz6OXkXhoW/ia5s/2BBB3021RXCgDgUyG4A8DnWhF7fTwqk9XtdWwWZGUt97zyZ8jcXmgiHdu5vT3SlQvuXCjD4mEcUhJoGtRBWJgXFWFQW2E3GXrHZ9ThOUua20OWXIjvXO3kHmsiXdxL7vLXs5D4ir/BQ1UZgjsAfDgEdwD4XC5NnY5/1YhwLYb430vtvNouvwQ3Puf5oyLsnnhZPR7ycqRpVHN+riaJvg62sXlSvB1CO2fpir9aTazmga7tOyYZV8hFcs90/yKlzk7N8SnV+5I7Ox9P1MHuVAD4BgjuAPC5HI9s3nWvXibKZDaFkRamOZ3EplfO7YGd27Oac7t1TDGEZHvKKNfQ1EOCD2kq36RhHJmbojhMNzlNbe2rpjTKx1r0ynrKWFsxvM7s5B7cC81XXshn4fv6ru/7DpHYnAoAXwDBHQA+mDsfj/q6HVkT/6UozOle+fw8t+dd4JVlHY1ccC/bF62GI33MBSc13ZAnmzRNq5hVaZpukpwW8FOArMSZNY7RhbVN9srlR8MDSP5Mcm+40yQbB8aqX3PcBgvuAPAdENwB4JO5HrVOq7P6S1fqJZGR4oCk+adcqLPpSk64xKTjioPatumymbu34r6MwWzBvYyqsqYX5WWV04AfAwL+RLu1TMqr75n1oOFSh0t+EmO1nL+oOWfN9TUs1GON/++dVydqecjtAPDJENwB4KM57rFZ7fy/P78ZC0ukMH88hNX3rMga9P9Wk9yuGk7nxRCnw/6I9RCwIz3k6dz+QiW9iDP2EMrTYTE8JMYNK63V945rJ/ehOU7Q/nunbN05zZM7P72sz+od/N2qObqokwGAj4bgDgBwm7O21pcZz0dlp+NeTc1ze9K3UZSLw2duHGMCOfao8Ylj9fAipkE8TlnN4g3dE6RVlg/BPSX7EpEWjwZ0oE4lBqTyST7/GaN/J0oeJXd5I1hWj4XuAADwEII7AMAdonP57djuXS9qbp7bg+WOKtdxTGkXpjkmX44kCllKUdESDXOTtN2HvU7TtB5fdCo+Ih4GOfGHlqIYh45iLynvleXNsmf+Ybwu/0Ry38/vI59AdMVCOQDAQwjuAAC3iMGfd2L7YX/3bO513l0kneX2M7XC/s1gbAV5Vd4Qu4uFfus/B/K3q+0snowvOqW9DTWmUWZduqIfnlqLGnbeVZpbY5N8T4xZ5R71fMSMu5TcA+qdLgoAAO5DcAcAuEGM/ZSxXfZ+fHS2zqzcHkxzO493Nf36eTGm+/OeRLPGYLgAJ3RuNZPRILeDe87/cTgklf1j+JIph/89f/FoSO55/6p1VXZyD6zknr2Y3O3F/wMW3QEA7kNwBwC4iXN7aEZhTaPDRS1byO1bzu0y2joe2TtS03HB/agOcjxSIUL3hoNvMbzg7afD+7KsZrgYMb6mNeLp0H0lkdcDezvpTs3+GLF9IrmvqJNnZhRr6nmYeAoAcBeCOwDAsuXcXiTEvPtDWJuxGMXE3UWiWW7nPKtNl871OIjUcxzO1tlYkM5Su2HjRgT3dHifBlV3jCyg4bJ52crdUf4suW/blM0tH0Vy73fcxlbbyEYtuC7t8402NDihlSMAwB0I7gAAi5Zze0rMWznqJk6pvBDdd06c53bH4xQeywX3lXK5zCXgFjAyuG+GNW+9HNxFPt9OVtZJNKoJuLLGtbbVmqF2vbIqWzxHzTbuhvynhdZVLdgR3xTLViO6AwA8AcEdAGCJSN6DLH8yts9yu644t097qOw4Ppukr3Qvh3S85kvosem67AbZH1DQg+Cem+Eg7th+9MhuDa85dq+5C4xVI6Pt1jKN/SO5O/3j5O6StUrPioTYaYVadwCAZQjuAADL5rl9+zi2s6PM7ZnI7cp24vRctMdzCF+pM3HStgM8kcfBXXNDmAfBnYqhUD4eClrWXKTD14+odeaMbSX32t6gulItkdyzV5J7nhlLqOUcKwAAmENwBwBY5IrcLmuxD+fnzh7am+vMHhR6XTqy6Faz63FV23P69L/pK2JqDsVew8XzQ/JOHwZ3HrOacv4/e/wTa/6gH0e1kNy5bIbnME3L1jPdBvhSzoWVfM/+QixKyXLanRUAAEwguAMALLlQJxVjPp9tOS5zey1y+04Jp/HA6YK7Ookm7lvu13hshoBu5HbTNf3IOLhPe9BUJPL5/sjdJrdi5f6kfqzshJ0NEb6i1lp1diK5192oqXvJ/bymXpIZSxGQ7eCiZAYAQEJwBwCY43XhYF7LsVIPydzel5EshNkh93Lv9lwsuO/ph+5jtY44NJ85uMeyA3sXteOx9CUmxg0hOafT8Uytqt/0uuW1+L1S02qhcIjwpbwPLolxTY+Tu3OlQRrdie7eFUOZAABsCO4AADPcLyWZlbevffWQT9bZSddyZSm3c0sZHpYaiwX3q2jinvK6+lWtRXCvhpKYNQf3mP8dhUOijoYi95O68hdNRcOZq2rNkntlTVD1VYeTe9c4p/vVJI+RdjSoKyOjuybbaYdldwAAhuAOADDXTGZ8BiT6wdwle6AHXW6njrdX0mpccN8SJeNnnRzlUCvrY3bEMdxXYnAqH0GHG8Hdk7UyFa/Qn880nBGJK5GjWle78Xrav8hksYzae9TpknvQ/i/Ph13ir2mQxMYWbWsSrqh2BwDoIbgDAMwcqaWLSW73XPWYzO2B4dw+jbFywd3UYsHdVZMm7gFXpjdqDO6hvfJOqxvB/SprZUr+STvVcKYPJq3cW2L6qwn6X5VOqvV9O7mb4Ink7hzJju5CHGhEdwCABQjuAABTLnWySW4/+eqx8zy3p8u5nRe0db8obxWZnIZlf647LzjTX6zgnor27u6N4L5ai1qZnLeYNu0mXL4619Nzo3ZO7nnUf7nAcLj3HNXj5J7Ok/tZLbqcbkf3KEzIdkTBDADAHwjuAAASp9CQczuPO31ILlGHwf3c71tpt+4KZmJecD9zpK6GNXGuUBHBfcPB/XIruO9krUzEDdv7GU+8nl9Zrdw7zskaoRrl3ZNENm1s6Z/s3pFB173+wW1becTy0EiFKJnx9goAABDcAQAEjt7BJLdfX8/t2we5vxEL7t1aNi+4r0QT99iYiDO9z2+lYteqv6cfKQf3PtDvz7JWpuKyG9fqIx/zx4nmOb43aeeejZ1lfPnD+bD0qeR+PtBIl4WRskATO2DRHQAAwR0AQDpQK5/mdvUEmdvbvZp3crtrbensF9xD4m6Mp+HNiFfXf5y4yXza/7eQg/v4RtGGcV6JV7JWpuRPOtiTW5N+Sit/Tse327lX3QTVSIuCGju5b9rnkLvJnV0asuRhZG7uVPXQGxIAAMEdAMB2pFYdmVb6fG7n0N/tMo27Hiu3cjvvTM37j0mNyMMX0cS94vdcEdzL/sPqSXA39IcZg/uOPyrr2z4W1HKUy8v+lWjlflEDlzpV+00594uDrOTe9dFpbwF1Duqmy5psm2l2D2sa7BQAwNdDcAcAYC4vmbfCV3K7bHtecG5fPJ9TftwFdh3JCpQrF57k9swkzxHBPSGigtu43wzuXDDfZ/zC6h7jeMRzWbmJjfzKO7vLTkJU8emN+Pl2ci+evX2XhoRNWBjbVhNfBQDg2yG4AwAMeGPq73J7r7iX2/dWTXhJFE72fHp2E/dwnI2qZsHdDMG9uR3c1YHf2RLRlh8EDkMxfd3/XG7l7s1/Wd7+qO4hI54uudvJvTDmhRt4OZCUp5kZRRsUugMA/EBwBwBgnNtL06peyu0rrgXvZfrO+Y437kzNiPJJl0WXaBxlqscI7CgZ3Lnu5W5w76/Hx27sWhlnfNzQPKhVDnl11tZ9qbp/k/mSOyd3nU2T+1Hdcz56JNVBFZlBpamzRnIHgC+H4A4A8IPDNCUyeK/VM1zqBLPcvlMLGqtuPCHKJnONDnYT95TD9JU/ioN7Ms5f6oN7MAb3sgvu/NPivmvM+JiwH+J23c9GtRbj53emMt0FYrnkznaz5B5Qx1X3uQea2mwL/tMFkjsAgEJwBwAY+GLYkGiK8sDd3O6qBStqbfpV6fLnBH5MkE3c7cqUs3VyPAvuVoN3+mPsNiNq5kMiqjieX/nDYmMi3b5V8IexC7V0ZNqjEr72QQnuy8mdnXdrmsr77B4FvM8VAOCbIbgDACirTkYX78jtId0LrDIHdx0Wc6s3+o4T+Ka7ZsIL7tPgnnJNjx3cc6JcBPfL+IG6u2TBpexXPi0g2vBpO8V4LT3pf1toPUsILvXCV5O7yO6zJpEldqgCACC4AwC0JlUemeaR/Y9x6M85t9+d+XmeVZ5wMl0pNW3iXhiTibqUSXDnOUtWcE/4nz/EJblqfqyVuVArM6aQrdxtjVXBn1DN5x+VdPFEcufjyPPVE85cMzOZzRSiKyQAAII7AIBSfiNze0ivpE3fE0U2d0+Xez25UKay6+n9fnmcJ6oGYieoCO7huAf1bnA/ElnbUrOxVqYP5fxBIfeM95XF8ca/R2TtUSHvpRX8aXKPZHJ/bH88kaDTaLynvgIA+FoI7gDw9fwrydye/i63l/dPX4vuiu1phbZT6dFu4p5x0fletWRwj58L7nYr99wuqj+NrSkLbnATLCym762y/IBqntTk3rodVL6c3Nl5dyBbHfNdPWGDKgB8LwR3APhqzuV4Ipnbo+Sl3O54PG1VVnWvl0+/WrX0Ud5+ZpSLOhBuAVNw6bldunLk4F5zfv/jfDe4qzWXuoREteFONX5fR8PF9IUx8ayVu5wYVbT/pLIjJPPXk4r/qCZenX+as796NEr5vh4VAMC3QnAHgK/k71erY9N4ZMkzbhv+Qm5fc+jvBPd7F16pkxkuTTEbsjPwfmzizs1eeGmbK1uirnlMxPl8COB6DO6a8/fYyp0L503JVfUu1+bEdiv3vbI5Hl/BBLQR3WckRyR3udP3JfsrsSCK8qHUHwDgSyG4A8AX2nk0V7az+hPqrf8qt0eb53J72Be4p5ygeUH6wIUmddde3V5w5+Bu/hAt2fmdMbjbjwPO+LwQdCvvVf82L7mn/JHlUvPF/bg/tSCKhueN4+2bQpvo5eQuOSuPennUX6VRAABfCsEdAL7PlZgoozZRSa1nM+Y8t+fUae7n9rQfQhqY2bZLx27iHnIt+Ur15sGdgz2/kxKVIriL54GqL7Afp7Gu7O2wlTVXVWj4KBNQOCT/k5pzGurkv0vuIrpvzBZL7gDw3RDcAeDr+DRTh8aYotQ0OKpncBCvJrn9qpY4B7uGJNPtv5Xd6JwbU+a8B1R2b5kE98RwPp8E91QEd1GBY2qigit09mMZTNi+F/Ai/k4J5/Gho6ANP1L4yzdGJveKb8zLzmPlTY4ldwD4agjuAPB1ViTpIDbGVAExb68eE4UvreJBbl8v5PZMT05ZcxP3vnhl+iDhdQGcg3v2XHBXHtfKlN033o5XXnGq31qt3NdKOo5L7gmJ7jNznNwL0wr/PrnztaoYLSEB4KshuAPA11nRKAm2WZvaNY0OjnpsntszfTec+t6d3N7wUdRqw7PmCE1nxbh3TNR1Z4zpx+phcL9yrUzWnZiN6fzMPyTS7f/ypzJemO+ntcbDJ5/u3xyd/T6576iliwSNZQDgmyG4A8DXWfFMzvhHGuRkO+3Vc3bUSSe53VVL9tPcns5rv2UT9/aIRKZdO7jH3UeHk+Ae3QjuF1ErY7jURf248lXTW63cRS280anoKLnAnST3LXVW6nVHam2GRwUAgK+E4A4AX8enO7yVeg4H0+Cp3O5Sr+wO1hWfIyrYT0PNfGG1VKfz9NtvOLjz/CXu8D4E93gSvk92rUzFRe4XNS65x93nLm48lbXw5Ya7zxwf3CAdy0aZrnoZd5GvUSsDAF8MwR0Avs/1Tmx31DPmuT2k53J72OX2pLBzu68Ge/qh2zwecLZu1OjCq/zxNH6vloL7Sg2OY61M909qHdDwknvQXlzPW7mLWvisNiLe3//Rv0zu/MiQl/0FAAC+EYI7AHwfp6FFa1c9bb+c272LWsKLz1V7sN6aP+JpbheF6DUV3JfxMvlgrpGJxXxUDu4xUTwP7r5VK9P+E1vt2i/chbKwWrlflUUszJvaiL4yiy7ecnLfK/bi/d70vwkA4BshuAPAN1p5NHU6+up5vifaHYb3p63Kcu80KBbPEWOSYko46Tbiq3P/ybTr6thdRN0O7swj4qmp46lr1Wr4OST5OTnjVu7ClY8qM/5+V3WLL5N7lPNPfllDo4MCAPhGCO4A8JWc3ZpG3mHnq6fNc3vwRG7no7NM7NUU57hWE/eYF9xdxbiQvQvuZjimUU8E9yuPPo2Hpu0/rI/u6uqtVu6uki68PTWOuTGN9/hGUfDb5H6hFjq5A8AXQ3AHgK91cVc/3IujXnE7t68f53a2nPXXQ7SOdMJF6Cdla3jZPKGxzvyongjue97XajRX0HOly4lrcBIdDQ8WazVx4gX0wnD0d9VN/vpdyb3BijsAfDsEdwCAVzknaulJbnfUEn8ht0fJYm4/j03c+57q81i85sGpCY3h3lXcnzIcgjv3iWTE526o5nP3quXybwpFK3dpx+G/VT4M0s4kuWtqnRz1Cl5yR407AHwxBHcAgNdwFNUZZ/B7ud1byO35cI7MxStOxcmYqz15XS6mMUQl7031FUfbdAju3CeSHehHzANSx2gvxyvVCS/Hr5R0ppbpFRzvH94uSiIjW9e/qKHBXgEA/I+9e1tSVdcCMFzBAR4AFY/tWd//JXcF2wFpgQR1Wbtq/t/FugIn7dVvVhj5FxHuANCP2+3a4Neo42q324tzU+u7Q9yrLehuOo/qB6du3VOUNNwLkaIp3H80zQuRjTPp3Zn1mDmj3F3j32f8NfMvgUd7uVu8V+4nEeEAJgD/MsIdAPpp7vababZv6Pb4cU9kHJdqiHu5Y6VpwX1QH+Ou01+uev/jzNT0Kdyd6k/L6/LqZud4pTyuRrlfjOunPgVTH9J0ujWXu+lpyII7gH8b4Q4Avdyck5R83T7Uyn/u9oOpc2Ytnuf2P02ffBBro7tdtvpRHeGukscvg3RW7sjRcC/ddMl9fm6d9aj78H/pPvwuWu6Fxr5+dCD9NhO6HcC/inAHgD6027saXF3kTru964jVKHlcW9gunjZuH7/q563LxF7pGnRIuO/17rmc3XmQzvFKefkUuuLvGOvfX1oHrZ4f5C5+r9xPP8NBZADgH0W4A0Co1m4fmCaa4pI9d3vyfM9AF7wn5TlIjW0ruma+kIkueEfGBIX7UB8nE9F/489fNyufoHXW449eVNLDXbsNWsodABCGcAeAPjQ/17Y+p75uN3u92vIdsbrX85FiewxSYxBfqmouLy3q690nHUojoovxJ+f2+g755VO4j3TJfRnrGVF74zrpSU13q7AzkbTcp/amudz9GABAEMIdAHrQ+Jx07nlROyktArrdCeLMfv6ksYd/6uVdpOna2amjVe8up1eievdP3ROYrKv+eZOsddbjXi+ydEtP6JcnWX34/cAAAEIQ7gDQg3Z7R4Mr3SgTL9OHaes9ztFGq2nzDhQt66m7SV2v0iw/x264q+SxGyeNm0a9X/THw7R8kMZV8V399Knanh6fUUK5A8DLCHcACHeRu1V3t6ubOCPPfRPMj4+oXc60a4/GFUnt3NTJI+8T80vDfTZrCfdr7f55Fe7qqL9MZsvHH3lsftL5n/+NMDI+brmv5O5iAAB+hDsAhHKPQJ34ul07fxXY7SNdx95u0jRvnrK4qx+/tHmE981YQeF+0BX7VWO4D3TY42arTzEyrqE+6t1ZrGvYV6i/DPKFfoUAAC/CHQCCtHX7+GRajf/kbd7R7c4Q95m+vHl8ukjfX91IrMm8M1ZQuA813OcN4e6sps9aR7lHiT5GKQteOj+NKXcAeA3hDgAhWrs9Mq0GziRIf6Ymj6QuMo38YfNFy/IRJjpp3TyItegK950md0u4/+jPjaxI06n+A45D45L72PhFlDsAvIZwB4AgNjj1TdN85u12XZWepQ+r7kjd6RD3ra5hJ9HTRTqlJpbieUF8LNYj3J9rWudBtoW7Pnd2fxBd0nedpDT/89LtT+AXqb+AlrGUxhyqBAA+hDsABNFuL6p1YtlHpt3wz5Gpc8/i8l5TuOrlYfNF97Kf6bp81d3X53C/Gseo+mfccFdD5xfEXEe5O26Ng2WSyPhF+1q5F5Q7AAQi3AHAq63bb513JO6w843c7dqu1zmMy1w3jZ9MjXv00UqyhqEvGu6TSUu4V9vgp5I1hvtJt/jkS51KGRnX6c+fV4gGvt+NcgeA/gh3AAhxFV0/L87+bn8evLKMPUPLf8RadE9GH2p1L8sl8YWzLl8P9/k8INzdOe7q5jzKomETTMP/UJj0GO2o5X4uNPnlagAAXQh3APDT0MyqFWI5mC5R4m4CX/hifyxW1n0WaaIXzSV7uqx3uBfN4X6S0rQ+MWbc8gcunJE5ulnG5yDV/8HI9IcQAKAD4Q4AHi3dPjDtnhfc5+IZuzLS8enWrHnfyUCs2F4R2/ReucHbM9w39rq1hnvN/nGNlbecrjSQxpGQexNkQLkDQE+EOwB4Hapu3wR1+9PZooX4lqMP9S3jSyldmj90XVZy8XyZJvfyHu7L7nCfL6qJka6LbqW3Ji3/g2Gs5X03C58sUy/3DeUOAEEIdwDw0MScaGH6u33gLrgvvBvAE7E29VS+Pn+o9vR5rpeNjdLjle7hPn2eTOOE+6Qt3M21/jNio6PcXSPRzTLONv6RCTJIqt9Da/1aAQBtCHcA8HC6PfS8oLGWrzUXTegWOsTdWrZU7FE/NFs0XdY33LfN4e7+RHBGubsOf4a5Z/r/FYKMauU+odwBwIdwB4AObrdvg7t95ITvUrznit50E4zuOz8ah1PTi0IX3N3LNNw3mTfc1/ZD4ubV9OPz89zMX9HReYtV83vct9y3lDsA+BHuANBBE9yW7iSw27XDV+7m747bovpsxTz2LrhnbevyGu7TqTfcJ2nL+6vuVh9nlLvroofJ3uU6OyeMlvtEvyQZGQBAI8IdADpoWi5y7faA9WR3x/rUs1FGO3lR31iTGIez4J6ljQvuQeF+0bX0jRvuLmea5aJtMXyo385dEfcr92gsdxON/oRyB4BmhDsAtHm92we6Y906i3Xsum8s1lavb+p8XXBv3QgfGO5a5F3hPqz/CdvWrT5X+Xs+LOUOAP8Rwh0A2p202/NFQLerfT2OM/+Roqf6EPes6Q1Pd0Rjy4K7/mSY38N925T2brgXbZkd6VlP1Sj3U+tlsk5/bV8pd/c7Tk4GAPCMcAeANhqVcaHdfotC7muYyXI1HQ5irfT6pvDddy24q0sV7u6pqGpYC3J3Ud51qC+5r1rPir3oZJhfk77lftNyL2L9cQQAeEK4A0Cjlm43Adwd61nAO5fH2pb4TfPq9kkHuHRMngkP96k33E/y9FBH0+DHU+5+lDsABCHcAaCJ0+3FuV+LXuslu/DcqbUdp6VZ8/VD/THQOXlGwz3P3wp37elZWor1o57cPlbu54JyB4B2hDsAtNjL3dTWpPZtgKi+Y32qC+ht3CHu05YF+qMbx/PmjfAa7tab4T6S0rRtlLu6tpX7PjJhhnIXF9PHrQYA8AfhDgCNNCYz7faBCTOo71hf+Ts0SmpD3CfNO+JHuijfMXnmM+GurrW/o+g4EzUat5R7+ML5QMs90x9JAAAX4Q4AjU5yl21Cu13taxW79I6U0eGRndff3FdTs7aOvjgnnr4V7u4cm3Pbd/Dhcs8yuWO0DAD8QbgDQKOblLaZ3CUDE6reu3OdgN7uKta2acij0kX5lo3wSqxZ/arIOPzhrsa1Xwvbrtk4UdJW7seRCTPQj8ikdDMAAAfhDgAN9LijTHqfCrQTa5F6FqrVqRb6uTRfP9JF+VLRsijdGO7G0SfcB7XN+svOdfBRIndzLfe+X5x+RPb48QIAcBDuANBIrHgVnp/qVltA34iVmC4/ta3k85ZmPegOmKaN8OpD4a6OtRhfifVjGmh2O7t5Xi73SSyWAQA4CHcAaCRK4zPQ8elV00PA9ZkOeWyq47F+ZikWa2eefDjcf8SK8yrEj6bFaSx3s/xvuZ9MGC13IdwBoAHhDgCNElF9poq7u1pyKY3818ed75yeqms8De0Jd43xbVC4R0nt4rj7b9E3VBdLfczwr08/QiUGAOAg3AGg0fClbtcwntTSdWza6byYziGPA72mtGqrbX+468DIznBXw9qvkInnnVHN7liX82PxfAFNH8E8SABoRrgDwDOnIfeR6eMq1qZWzj+mSyLWtOp8icxfB2dkS971nmhSlXZ6blq5dsN9qbvlG0VS/ctT30J4dJM7fdIi7jkhJtqLcHYqADQj3AGgiZZ78tPzNimlnZNYlDvEfdFWuWOxdAtKV2xfxUpLjdeddE3euabFTayFd0KOXu2+orrRGfihfhK6HQCaEe4A0GY3PAx3vW96mhGzN1321QL4tLXzNe5Lq44W9oe76RXuJylNA/+cgfxa5M4+9+TU52u/DXcGAPAX4Q4AH6XDIPsPcZ+1hfFFrJW7UyYyjfzhnugVVuzZ/3KrOn+p/3C7SyJ3cZGWtlIaGwDAmwh3APioREM8cIi7dnEhpUvLRbotPWtf+PaHu16RO2ewmlYXKRWhW/ZH4z8b3VfyexcA4D2EOwB80kisRS1Zb6bLWKys+1SlgzN6fdK5ju8P95vzaTPdntP5gRPfkBwV7d2N7vlZrIRN6wDwJsIdAD7GPeJ0GTzEXfLq8p15dnXeTY07U9sf7kNnkPtcl/lb7KS09I6lV0NxzmKaSulmAABvIdwB4GPcY1MnAevTh2ppet16qpK7K73o+Fh3db5oDuaLWBMn3H+8f9LEfxCs2iXOWUxrKZ0MAOAdhDsAfNCumv+yDBmEmOjQ9zxuvdydA7Ptjuehhnvb4UqR7uaxpt4WH4gV5/5d+2o0rr+imscsuQPABxDuAPAp7nDHia6gt3A7f97exCMn3Fdde1v84a5L6Ln3BCb3+nk1J2dnfKJ9vdwzltwB4AMIdwD4EHe4YxEyTGVf7YiPWyrbPetULzSNwsL9psv8lmcRXT8yrna97I3fsF7uZ5bcAeB9hDsAfIg79Hwm1jEyHaKq87OO0Su7ergvPTvnA8L9R6y1b6yMihKxsqBR7mqQVOWeSYnBMgDwDsIdAD7mIlq425Ad7oNqt/m5bau5tvgmYE96WLjryMrS2v+gh2pHz0Kv9holUjrnaXpmljsAvI1wB4BPicYauEXsHSnjDHHfdO0C1xa35l3l7Fb+pgp317E+XjLzb2M5SSkLGuWutNxXabrl+FQAeBvhDgCfctO+zRd6CmqHUzXEfdZVzxru/ndTdUN854j2W32S+9L3Eq2zBSjv8Z6plvs2zXk9FQDeRrgDwIcMRPN2JSEDzw9iraozikbmmRPumvimWWC4D/Qfts7+pj6JPsJK/zIvLfc4TyfslQGAdxHuAPAZA7kr9MShY2Q6HXVXy6prJqMenOofAhMY7pEu9VshTX3V1N+Idez3pax/b7saAMDLCHcA+IiD3G11hoqMTKedTllcdmys0WpO7zoD2BPual/fK7MJ2H9+qebfxDrKPcReSvnvbQYA8DLCHQA+4HSVu1XV7QPT7aZTGSdd6eyGe+EbpO4Pd2ecTei29bFYE51CczMhdJTkXPfmAwBeRbgDwPuGidwtcu327rTVpC20nNtCX8O9dcSjCg13HSBfWgXslRnoHYVOnA8yFOucbn8fHADwKsIdAN41OErV7XO52xuPatV77tk23ivcR9WLp5OWDTvOka2hIx6PYs37jXKv/T6ZcngqALyJcAeANzjZLrM8X8ndODIe18c+8zz2lLCGe9dsdiXWzDOARvfXW3nIlvzBYz5Muu33nulBrHXO26kA8CbCHQDecTmKWqfFObjbT7r3ZOvbe3ITq0ituefV0KBw1wX0LC1NvKvhunK+1VdpTyaIntMq1tEAAF5FuAPAGwaiztN8Ld5uV0Pd0nL2LKLrHPf2fesqNNx163lp4/508N2x0gcOkoiVzhgrAwDvIdwB4HUXUes8i+XXNTJeuuSdSan9ls+Hu3OkknUOeD01StwnPppAe7GmhDsAvIlwB4DX7eXXZDqP5eFm/C66yfzsueez4a5uj+usbUiK33TJPX7eE+99/A3hDgBvItwB4HXya3aWysAEuD3mok89O8b/q3C/iH5q9/uxShfpdU98mIFYc8IdAN5EuAPA6xJ5Mh6ZEDrEfeaP4J1Y88BwH+sMmu5l9KtYq7Q0CV9yn+kodxNCJ8vH93sAAK8i3AHgdXv5IxmaIAOxzraBvSVuLr3C/eqG+9W00COVrKX3MZxF+vPTAr33thXjIAHgTYQ7ALxuJK7byYTZP1p84u1ZN9y3ntdI/eGujtWmmpDn0I+ePH4+7E0YKXEAEwC8iXAHgDcMpJIcTiaQDnFfSmlnukRa2N6TU8PDXZ99qp8buuS+7DnKXSoDAwB4FeEOAO843RKxxredCfcj1syzt1z9N+HuLrn799rrHZPH1T8miFROBgDwKsIdAN40ulxGpg8d4u6Z5qLEij8e7u6Su7es9Y44Dx/lrk/EFncAeBfhDgBfN3r07zysf7XFw8M9T9Pc18rukvtZrIOxPHfM07zPKPebPFwMAOBlhDsAfN3hseMk1gzvoC0eFu469d1/6UVKWWplITMeh4+fHBPNfL8Lr6YCwCcQ7gDwdYlYm0crR8bjUG1pmfqCOTzc9RfBOS2FbNuJkt/Un2rmB7hJaRwZAMDrCHcA+LadWOfA3Sm1FvdvXO8Z7hd5GhF/DXkUffadCTJMRI5DAwB4B+EOAN+2F2udZqGTVgaa1x8Nd32UONdDmHyPc5JSlq51lHuQEfNkAOBdhDsAfFkkpaVOYPS6/GfhfpLaR69CZjzexJo9Mp/dLwDwNYQ7AHzZj1gL/wBGNRJr9cFwVwcpLavXU/emg6b+NF38Zj4A4EsIdwD4srFYWTrTBveqxjZOvav0A7G2tsO9Za1vm07sZ+dSMt2uvw+TiTU2AIAvIdwB4LtOUsqXPUabi7UIGwep+2rmQZ8/rC25r0LuuPzekHMWKgB8F+EOAF+lQ9wnoQvuukj/0XBXx2rJfasf3uXq/AEHAwD4DsIdAL5IQ3mzlNLAeDlHp2YfD/eBlJb6q+AaeMNGrKMBAHwH4Q4AX7UTK07nPbJXw91b473D3V1y12cKuGGexmLtDADgKwh3APiqm1jrXM8pDbEXK9dt6CPTone4u0vuC7HCbojztVg3AwD4CsIdAL4pklIxFyuJjJ9zdOrZk9a9w11X0NfenwUqEWteMModAL6JcAeAbxqItfgN8KEJo+Ge+2cwRo/ZkbOwrNYV9FRbP+xxzulCrIEBAHwD4Q4A33QVa5vpgnuQm1hFmmYBu1PccDde+r7sI9x3ppMOf8+2Yl0NAOAbCHcA+B4d4n7WAA+iL6dOfGvcL4X7UKyJd9ikuol1ZpQ7AHwT4Q4AX/Qj1mras3h1jvvZd99L4X4SK9ZwD7xBNqvf6wEAX0C4A8C3aIFns57zWMQ6p2nhn9fYP9z1sYrAcNcl91km1tgAAL6AcAeALxIrnkrpYgJdHi3uP6z0tXA/iJWFh/tIStNYLAMA+ALCHQC+RaN61vOlzuFjwmMcMK5Rl+cX4VG9E2uu4e53/f1LCHcA+BrCHQC+SGouJtRYrGmaheyU0TdZe/w6uIg10XAPu8Mi3AHgawh3APgiqYxNqMvj3dGFv6tfCnfdXqPh7ncl3AHgywh3APii/SsL7lddD/fPlHkv3Lc6x93rImpvAABfQLgDwLc4uXvoe880DZlF81a468mpIQ7ycDEAgC8g3AHgmwYimt+BxmIt0iwkk18L9+g33Gd9xsvf5G5gAADfQLgDwFddbFePdybYQUqbPA4p8XdeTl2n/aY77sYicmW9HQC+hHAHgP9rOynN0knovpSbWEXRY//5QKz58rf1AQD/pwh3APi/NUqkVGTBW2yGYk2DJ8Toqv5mK9bBAAD+x94d5bgJQ2EYleHCJFXVpJq2SiKYMPvfZGWmavIWxJNtnbOKT8j3p1DCHaBU3Rir888hsrFLL+wK92Nk76fIrgmAQgl3gEJ1x1idcrdnl/TCrnCfI/t4j1WXACiUcAco1C1Ww49h62L6rnC/RPbtt1V2gMIJd4Ay9bEazkOspi69sivcj5F9H6w7AhROuAOUaYrVR3wZD2mLt8j+bA/3OVa/IhsTAMUS7gBFOsTD9m5P18jO582XppfIhli9JQCKJdwBinTf1e3p/hzu9/TaLR5Gp6kABRPuAEWad3T7nnBf4uGSACiXcAco0xL/LV3aZE+4x8pfUwHKJ9wBytRN8WXs00a7vrh7KANQCeEOUKjuc4wYb33abE+490/PcQAomXAHaMkc2ekU2Zw2+IzVMicAiibcAZoST9Im/TJOt2sCoHDCHaApi2NTgEYJd4Cm9NYdARol3AGa0k3xz2QlBqApwh2gLYfRSgxAk4Q7QGMOS0TEotsBGiPcAZoz3+/GHQGaI9wBAKACwh0AACog3AEAoALCHQAAKiDcAQCgAsIdAAAqINwBAKACwh0AACog3AEAoALCHQAAKiDcAQCgAsIdAAAqINwBAPjLbh3QAAAAIAyyf2pzfIMUECDuAAAQIO4AABAg7gAAECDuAAAQIO4AABAg7gAAECDuAAAQIO4AABAg7gAAECDuAAAQIO4AABAg7gAAECDuAAAQIO4AABAg7gAAECDuAAAQIO4AABAg7gAAECDuAAAQIO4AABAg7gAAECDuAAAQIO4AABAg7gAAECDuAAAQIO4AABAg7gAAECDuAAAQIO4AABAg7gAAECDuAAAQIO4AABAg7gAAECDuAAAQIO4AABAg7gAAECDuAAAQMAAAAAAAAAAAAAAAAAAAAAAAAAAAAAAAAAAAAAAAAAAAAAAAAAAAAAAAAAAAAAAAAAAAAAAAAAAAAAAAAAAAAAAAAAAAAAAAAAAAAAAAAAAAAAAAAAAAAAAAAAAAAAAAAAAAAAAAAAAAAAAAAAAAAAAAAAAAAAAAAAAAAAAAAAAAAAAAAAAAAAAAAAAAAAAAAAAAAAAAAAAAAAAAAAAAAAAAAAAAAAAAAAAAAAAAAAAAAAAAAAAA4OzBgQAAAAAAkP9rI6iqqqqqqqqqqqqqqqqqqqqqqqqqqqqqqqqqqqqqqqqqqqqqqqqqqqqqqqqqqqqqqqqqqqqqqqqqqqqqqqqqqqqqqqqqqqqqqqqqqqqqqqqqqqqqqqqqqqqqqqqqqqqqqqqqqqqqqqqqqqqqqqqqqqqqqqqqqqqqqqqqqqqqqqqqqqqqqqqqqqqqqqqqqqqqqqqqqqqqqqqqqqqqqqqqqqqqqqqqqqqqqqqqqqqqqqqqqqqqqqqqqqqqqqqqqqqqqqqqqqqqqqqqqqqqqqqqqqqqqqqqqqqqqqqqqqqqqqqqqqqqqqqqqqqqqqqqqqqqqqqqqqqqqqqqqqqqqqqqqqqqqqqqqqqqqqqqqqqqqqqqqqqqqqqqqqqqqqqqqqqqqqqqqrAHBwIAAAAAQP6vjaCqqqqqqqqqqqqqqqqqqqqqqqqqqqqqqqqqqqqqqqqqqqqqqqqqqqqqqqqqqqqqqqqqqqqqqqqqqqqqqqqqqqqqqqqqqqqqqqqqqqqqqqqqqqqqqqqqqqqqqqqqqqqqqqqqqqqqqqqqqqqqqqqqqqqqqqqqqqqqqqqqqqqqqqqqqqqqqqqqqqqqqqqqqqqqqqqqqqqqqqqqqqqqqqqqqqqqqqqqqqqqqqqqqqqqqqqqqqqqqqqqqqqqqqqqqqqqqqqqqqqqqqqqqqqqqqqqqqqqqqqqqqqqqqqqqqqqqqqqqqqqqqqqqqqqqqqqqqqqqqqqqqqqqqqqqqqqqqqqqqqqqqqqqqqqqqqqqqqqqqqqqqqqqqqqqqqqqqqqqqqqqqqqqsIeHAgAAAAAAPm/NoKqqqqqqqqqqqqqqqqqqqqqqqqqqqqqqqqqqqqqqqqqqqqqqqqqqqqqqqqqqqqqqqqqqqqqqqqqqqqqqqqqqqqqqqqqqqqqqqqqqqqqqqqqqqqqqqqqqqqqqqqqqqqqqqqqqqqqqqqqqqqqqqqqqqqqqqqqqqqqqqqqqqqqqqqqqqqqqqqqqqqqqqqqqqqqqqqqqqqqqqqqqqqqqqqqqqqqqqqqqqqqqqqqqqqqqqqqqqqqqqqqqqqqqqqqqqqqqqqqqqqqqqqqqqqqqqqqqqqqqqqqqqqqqqqqqqqqqqqqqqqqqqqqqqqqqqqqqqqqqqqqqqqqqqqqqqqqqqqqqqqqqqqqqqqqqqqqqqqqqqqqqqqqqqqqqqqqqqqqqqqqqqqqqgp7cCAAAAAAAOT/2giqqqqqqqqqqqqqqqqqqqqqqqqqqqqqqqqqqqqqqqqqqqqqqqqqqqqqqqqqqqqqqqqqqqqqqqqqqqqqqqqqqqqqqqqqqqqqqqqqqqqqqqqqqqqqqqqqqqqqqqqqqqqqqqqqqqqqqqqqqqqqqqqqqqqqqqqqqqqqqqqqqqqqqqqqqqqqqqqqqqqqqqqqqqqqqqqqqqqqqqqqqqqqqqqqqqqqqqqqqqqqqqqqqqqqqqqqqqqqqqqqqqqqqqqqqqqqqqqqqqqqqqqqqqqqqqqqqqqqqqqqqqqqqqqqqqqqqqqqqqqqqqqqqqqqqqqqqqqqqqqqqqqqqqqqqqqqqqqqqqqqqqqqqqqqqqqqqqqqqqqqqqqqqqqqqqqqqqqqqqqqqqqqqirswYEAAAAAAJD/ayOoqqqqqqqqqqqqqqqqqqqqqqqqqqqqqqqqqqqqqqqqqqqqqqqqqqqqqqqqqqqqqqqqqqqqqqqqqqqqqqqqqqqqqqqqqqqqqqqqqqqqqqqqqqqqqqqqqqqqqqqqqqqqqqqqqqqqqqqqqqqqqqqqqqqqqqqqqqqqqqqqqqqqqqqqqqqqqqqqqqqqqqqqqqqqqqqqqqqqqqqqqqqqqqqqqqqqqqqqqqqqqqqqqqqqqqqqqqqqqqqqqqqqqqqqqqqqqqqqqqqqqqqqqqqqqqqqqqqqqqqqqqqqqqqqqqqqqqqqqqqqqqqqqqqqqqqqqqqqqqqqqqqqqqqqqqqqqqqqqqqqqqqqqqqqqqqqqqqqqqqqqqqqqqqqqqqqqqqqqqqqqqqqqqq0B4cEAAAAAIL+v3aEFQAAAAAAAAAAAAAAAAAAAAAAAAAAAAAAAAAAAAAAAAAAAAAAAAAAAAAAAAAAAAAAAAAAAAAAAAAAAAAAAAAAAAAAAAAAAAAAAAAAAAAAAAAAAAAAAAAAAAAAAAAAAAAAAAAAAAAAAAAAAAAAAAAAAAAAAAAAAAAAAAAAAAAAAAAAAAAAAAAAAAAAAAAAAAAAAAAAAAAAAAAAAAAAAAAAAAAAAAAAAAAAAAAAAAAAAAAAAAAAAAAAAAAAAAAAAAAAAAAAAAAAAAAAAAAAAAAAAAAAAAAAAAAAAAAAAAAAAAAAAAAAAAAAAAAA4AhhOjCvsQkTvwAAAABJRU5ErkJggg=='),
('Team Delta', '/9j/4AAQSkZJRgABAQEAAAAAAAD/4QAuRXhpZgAATU0AKgAAAAgAAkAAAAMAAAABAEcAAEABAAEAAAABAAAAAAAAAAD/2wBDAAoHBwkHBgoJCAkLCwoMDxkQDw4ODx4WFxIZJCAmJSMgIyIoLTkwKCo2KyIjMkQyNjs9QEBAJjBGS0U+Sjk/QD3/2wBDAQsLCw8NDx0QEB09KSMpPT09PT09PT09PT09PT09PT09PT09PT09PT09PT09PT09PT09PT09PT09PT09PT09PT3/wAARCAFLAdoDASIAAhEBAxEB/8QAHwAAAQUBAQEBAQEAAAAAAAAAAAECAwQFBgcICQoL/8QAtRAAAgEDAwIEAwUFBAQAAAF9AQIDAAQRBRIhMUEGE1FhByJxFDKBkaEII0KxwRVS0fAkM2JyggkKFhcYGRolJicoKSo0NTY3ODk6Q0RFRkdISUpTVFVWV1hZWmNkZWZnaGlqc3R1dnd4eXqDhIWGh4iJipKTlJWWl5iZmqKjpKWmp6ipqrKztLW2t7i5usLDxMXGx8jJytLT1NXW19jZ2uHi4+Tl5ufo6erx8vP09fb3+Pn6/8QAHwEAAwEBAQEBAQEBAQAAAAAAAAECAwQFBgcICQoL/8QAtREAAgECBAQDBAcFBAQAAQJ3AAECAxEEBSExBhJBUQdhcRMiMoEIFEKRobHBCSMzUvAVYnLRChYkNOEl8RcYGRomJygpKjU2Nzg5OkNERUZHSElKU1RVVldYWVpjZGVmZ2hpanN0dXZ3eHl6goOEhYaHiImKkpOUlZaXmJmaoqOkpaanqKmqsrO0tba3uLm6wsPExcbHyMnK0tPU1dbX2Nna4uPk5ebn6Onq8vP09fb3+Pn6/9oADAMBAAIRAxEAPwDIJNGTQaSvPPjBcmjJpKKAFyaMmkooAXJoyaSigBcmjJpKKAFyaMmkooAXJoyaSigBcmjJpKKAFyaMmkooAXJoyaSigBcmjJpKKAFyaMmkooAXJoyaSigBcmjJpKKAFyaMmkooAXJoyaSigBcmjJpKKAFyaMmkooAXJoyaSigBcmjJpKKAFyaMmkooAXJoyaSigBcmjJpKKAFyaMmkooAXJoyaSigBcmjJpKKAFyaMmkooAXJoyaSigBcmjJpKKAFzS5NJS0gENJSmkpgFFFFABRRRQAUUUUAFFFFABRRRQAUUUUAFFFFABRRRQAUUUUAFFFFABRRRQAUUUUAFFFFABRRRQAUUUUAFFFFABRRRQAUUUUAFFFFABRRRQAUUUUAFFFFABRRRQAUUUUAFFFFABRRRQAUUUUAFFFFAC0tJS0gENJSmkpgFFFFABRRRQAUUUUAFFFFABRRRQAUUUUAFFFFABRRRQAUUUUAFFFFABRRRQAUUUUAFFFFACkflRWtpPh271LEhBht/+ejDr9B3rr7bQtPtrQ24t1dWHzFxkt+P+GK83E5pRw75d35Hq4TKa+IXNsvM85pSMV0er+EZbfM2nlpYu8R+8Pp6/wA/rXOEFWIIIIOCCMYrqw+Jp4iPNTZyYjC1cPLlqISiiiug5QooooAKKKKACiiigAooooAKKKKACiiigAooooAKKKKACiiigAooooAKKKKACiiigBaWkpaQCGkpTSUwCiiigAooooAKKKKACiiigAooooAKKKKACiiigAooooAKKKKACiiigAooooAX6UlLmt7SPC1xfYlut0EB5AI+Zvw7D3P5VjWr06Eeao7HRQw1SvLlpq5j2tpPeTLFaxNI57AdPr6Cuw0jwpBaYlvts8w5C9UX/E1s2ljb2EIitYlRO+OSfqe5qevmcZm1SteNPRfifU4LJ6dG0qnvS/BB7dh0pKWkrxz2xazNV0G01UFmHlT44lQcn6+taVLWlKrOlLmg7Mxq0YVo8s1dHnGp6Pd6W+J0zGThZV5U/wCB9jWfXqskaSxskqq6MMFWGQa5bV/CAOZtMOO5hY/+gn+h/OvpMHnEJ2hW0fc+YxuSzp3nQ1XbqcnRTpYnglMciMjqcFWGCKbXtppq6PBaadmFFFFMQUUUUAFFFFABRRRQAUUUUAFFFFABRRRQAUUUUAFFFFABRRRQAUUUUALS0lLSAQ0lKaSmAUUUUAFFFFABRRRQAUUUUAFFFFABRRRQAUUUUAFFFFABRRRQAUUUoDOQqglieAByaLjSuJVuw0251Kby7WMtj7znhV+prc0nwjJPibUSY4+0IPzH6+n8/pXWW9vFawiKCNY4x0VRivFxmbwpXhS1ffse5gcmnVtOrou3VmTpHhq203EkuJ7gfxMOF+g/rW3SUV81WrzrS5pu59RQw9OhHlpqwlFFFZG4UUUUAFLSUUAFFFFAFLUtItdVj23CfOB8si8Mv/1vY1xereH7rSyXI82DPEqDp9R2r0GlIBBBAIIwQe9ehhMxq4Z23XY8zGZZSxKva0u55RS8dq7PV/CcVzmbT9sMveM8K3+B/SuRubWazmMVxG0ci9VI6/8A1q+owuNpYle49eqPlMVgauGdprTuQ0UUV2HCFFFFABRRRQAUUUUAFFFFABRRRQAUUUUAFFFFABRRRQAUUUUALS0lLSAQ0lKaSmAUUUUAFFFFABRRRQAUUUUAFFFFABRRRQAUUUUAFFFFAC59aSnxRSXEqxxIzyMcBVHJrq9J8IhSs2pEMe0CngfU/wBBXLicXSw6vN69jswuCq4mVoLTuYOmaLd6q/7hNsYOGlbgD/E/Su10vQrTSwGRfMmxzK45/D0FaCqsaKkaqqAYCgYApa+XxmZVcR7q0j2/zPq8FldHDWk9Zd2FFFOrzT1BuadXLeIPH2m6KWgt/wDTLteCkbfKp92/oM/hXnWseMNX1olZ7looT0hh+Rfx7n8c19Dl/DmLxlpNcse7/RHHVxtOnpuz1bUvFWi6SSt1fxeYOscZ3t+Q6fjiucu/ipZISLKwnm9GkYIP0zXmNHNfV4fhPBU1eo3J/cjgnmFV/DodvN8U9SbPk2NnGP8AaLN/UVB/ws7XP7ll9PKP/wAVXH0V6cciy+KsqSOd4qq/tHaRfFLVkx5trZyDvgMv9a07X4rRkgXmlsvq0Muf0I/rXnGaKzqcPZdUWtNL0KWMrLqez6f470HUCFF59nkP8NwNn69P1roEZJEDoyuhGQynINfPGc1e0zW9R0eQPp93JDzkqDlT9VPBrw8ZwdBpvDTs+zOunmLXxo96orhNC+JtvOyw61ELeQ8CeMEofqOo/UfSu4iljmiWWF1kjcZVkOQR7Gvj8bl2IwUuWvG3n0PRpV4VF7rHcGoL7T7fUIfKuog69j3X6HtU/B6UVxQnKD5ouzLnCM1yyV0cNq/hi4sMy2+6eAdSB8y/Uf1H6VhV6xWHq/hi21DdLBiC4PcD5W+o/qP1r6DB5ztCv9585jck3nh/u/yOD60vParN9p9zps3lXURQ9m7N9DVbkV78ZxmlKLumfOThKDcZKzQlFFFWQFFFFABRRRQAUUUUAFFFFABRRRQAUUUUAFFFFAC0tJS0gENJSmkpgFFFFABRRRQAUUUUAFFFFABRRRQAUUUUAHSiirFraz3switY2kc9gOn19BUykopyk7JFxi5O0VdkHXpWrpPh661PDkeTb95GHX6DvXQaR4UhtcS322aYchP4F/xNdDwMAdBwMV4OMzlK8KOr7n0GCyRytOvt2KWnaTa6VHtto/mIw0h5Zvx/pVyiivnp1JVHzTd2fSwpxpx5YKyQtFFQ3d5Bp9rLc3UixwxLuZj0H/1z6UowlNqMVdsptJXYt1dwWVtJcXUqxQRjLO54FeWeKfHtzq5e100vbWPQsDh5fr6A+g/H0rO8VeK7jxJeY+aKxjP7qHP/AI83qT+lYFfo2ScOQw8VWxKvPdLov+CeNisY5txhsJRRRX1p5wUUUUAFFFFABRRRQAUUUUwFra8PeKr/AMOTD7O/mWxOXt3Pyn6eh9x+tYvWisK+Hp4iDp1Umn3LhOUHeLPdtD1+y8QWIuLJ+RxJE33oz7/49DWjXgml6td6Lfx3djIUlXgg9GHoR3Br2bw54gtfEenC5t/klX5ZoSeY2/qD2NfmmeZDLAS9pS1pv8PU9vC4pVVyy3Naikor5s7iO5tobyExXEayRt1Vh/nmuR1fwnLBum0/dNF1MZ5Zfp6j9frXZUV2YXG1cM7wenY4sVgaWKVprXueVEEMQQQQcEHqKOlehat4ftNVBYjyp8cSoOT9fWuL1LR7rSpMXCZQnCyLyp/wPsa+nwmY0sSrbS7HyeMyyrhne149yhRRRXonmBRRRQAUUUUAFFFFABRRRQAUUUUAFFFFAC0tJS0gENJSmkpgFFFFABRRRQAUUUUAFFFFABRRRQAvFJVqw0251Kby7WMsR1Y8Kv1NdnpHhm207bLNie4H8RHC/Qf1P6Vw4vMKWGVm7vsj0MHl1XEu8VZdzA0jwtcX2JbrdBAemR8z/Qdh7muxsrG3sIRFaxKi9yOSfqe9WaSvlsVj6uJfvOy7H1mEy+jhl7qu+4lFFFcR6AUtJRQAteSeO/FR1q/NlaP/AKBbtwQeJX/vfQdB+ddb8Q/EB0rSBZW77bq8BUkHlY+5+p6fnXktfd8K5SrfXKq/wr9TycfiP+XcfmJRRRX3R5IUUUUAFFFFABRRRQAUUUUAFFFFABRRRQAtaeg65ceH9TjvLckqPlkjJwJE9P657GszrRms61GFaDpzV01Zlxk4tNdD3+xvoNRsYbu1ffBMu5T/AEPuOn4VZry/4beIDaX7aTcP+4uTuhyfuyen0YfqBXp9fkWb5dLAYl0ntun5H0OGrKrBS6hRRRXlnQLSSRpLGY5EV0YYKsMg0tFCbTuhNJqzOU1fwh96bTD9YWP/AKCf6H865aSN4ZDHIjI6nlWGCK9TqlqWj2mqR4uExIB8si8MP8R7GvcwecThaFbVd+p4OOyWFS86Oj7dDzbmitXVdAu9KJcjzbfPEqDp9R2rKr6SlVhWipQd0fMVaM6MuWorMKKKK0MQooooAKKKKACiiigAooooAWlpKWkAhpKU0lMAooooAKKKKACiiigBeaSl5q/pujXeqv8AuE2xA4aVuFH+J9hWdSrGnHmm7JGtOlOrLlgrsoAF2CqCSTgADOa6XSPCMk2JtQ3RR9ogcMfr6fz+lb2laDaaWA0a+ZPjmVxz+HoK06+dxmcOV4UdF3PpcDksY2nX1fYjt4IrWERW8axxr0VRin0tFeFKTk7tn0EYqKtFWQlFLSUigooooAWikqzYxedcoMcA7j+H+RW2HpOtVjTXVkSlyps4rxL4L0691yS61bVbwuUVmitrfcLeMcDcecdzn6nFLdfDXw9YtaLFHqOoPdZMYW5RQQBnOcDtXV6o0mm6jd3Fvdacq3karILubZ5bKCNw9Rg9OOnWsq71DwstrpVrda3YSw2Iw6mTdvGwr298H8K/T6LrU6apwukklofPVHKTbtrczY/BnhaPSr+7k0m586xJEkEl23XAONynHIIqzaeB/Dxv4rTUPD32V5lYxMt68itjqOowcHNB8TeEbfStQ06HWokguiSixwOfKyoB7c8gnt1pLXxz4djv4rq/19rt4VKxKtk6Kuep6HJwK1TxL7k+8mv+AUR4V8N3N48EGhxZWZogP7VZXbDYzsPPbOKnvfh74Uh1uDTWivYnmiaVZFuOBjPHPsCfwpIPFmgQTs1v4itVBlaUebpjll3MW+9weM9ataprvhvW70zp4htoiRGg3AqQoLbxkj+JWIpc2JS6krmUdru/kZmn/CvQ9csBd6dqGowxsxUeaEbODjsBxVK/+DktsVEGuW2X+4LiPZn8QTXoXh3U9It9OW3i1XT5T5jsBHOp4ZiQPwBA/Cqnia2lvNTtZVgklto4mG+KBJxuYjqp7YHUc01ia8Fq9TRpKmpWuzy+9+Ffie0BaO1hukH8UEw5/BsVzd/o2paWT9v0+5t/eSIqPz6V9KaZDHb6dbxwR+Wm0HaI9mCeT8v8PJPHasLXtSuF1gW0M9xDDFDvleK384ZY4AZcHjCt09a2WPmleSTCpCMYqR8954xR2r2690HRdR0CO81XQ4vtksvlR/Z1+zvKS2FbGRgkc4Oa5mX4WW+ptMNGvZ7e4iwXtb+PkA9DuXqDg8gHpXTTx1KVk9GZct2kmeb0V3mkeEh4b1CeXxhps5s0jOy4gJkTLfLjCg9mJycYx3ribzyPt0wtV2wByIx5m/gf7XfPXtXRCopNpbdwcGlcgooorQgKKKKAHxyPDIkkbFZEYMrDqCOa920LVV1rRLW+XAMqfOo7OOCPzBrwevRvhXqRaO+01j90ieMH34b+hr5bivBKthFWS1g/wPQwFXlqcvRnoNFFFfmZ7gUUUUAFLSUUABAIIIBBGCD3rndX8JRXGZtP2wy94zwrfT0P6fSui60V0UMTUw8uamzlxGFpYiPLUVzy+4tprSYxXEbRyL1Vhj/IqGvTr7TrfUYfKuog47HoV+hrjdX8MXWn5lt8z245JA+ZfqP6j9K+mwea069oz0kfLY3KKuHvKHvR/Ew6KKK9Y8YKKKKACiiigAooooAWlpKWkAhpKU0lMAooooAKKKKAFOO1OiikmkWOJGd2PCqMk1p6T4eutUYOB5VvnmRh1/3R3rtNN0m10uLbbx/ORhpG5Zv8+leXjM0pYe8Y6yPWwWVVcRaUtImFpPhALibUjk9RAp4H+8f6D866iONYkVEVVRRgKBgCndaTrXzGIxdXESvUf+R9XhsHSw0eWmreYUUUVzHWLSUUUAFFFFABRRRQAV5/8UtTmgNhZwTSR7laR9jEZ7DOO3WvQPWvJfiZOZPFhTtFAij8cn+tfRcLUVUzCLf2U2cWOk1Sdjlre3N3dpF5kaPI20PK2FBPqe31rX8U+GJ/C2oJa3M8MjPGrhUbLDI5yOw3ZHvjNY0cjRSLJGxV1IZWHYinz3U91t+0TSSlQQpdi2MnJ6+pJP41+oNPmTT0PDvoQ0UUVZAUUUUAG0egqxbX13ZENa3U8DDoYpCpH5VBSUNX3HdnT2PxE8T2GNmqyzKP4ZwJM/ief1rotL+MM9vO8moaRbSvJjzJbdijNjgZBzn9K82orGWHpy3SLVSXc9rHjjwt4ontRe3b2iRFmMFzGVV2IwDvBwMc9x1rYtLSSw0PVLvTHFxPLv8AIlSXziUGdgB74BPH86+fRmrenatfaRN5un3k9q2eTE5AP1HQ/jXLPL4vWD1DmTd2te57roz2x1qAaPcz3EDQsbxpJGdSeNpOejE54GOO1Y+teH9A8RyrO2jzWsE8nlJqNuVTc2cAlO6k8ZI/LrXPaJ8YNQtAqa1ZpeQkkedEvlv+X3SeR6da6jwzf6frF7YjStdzbWxYiykHlzBTyEP94A49eO9ccqVag9PvQ9Uko63OF8QfC3WdILSWO3UoFG790MSge6d/wzXFsCrFXBVgcEEcj8K9w1KC+edtRntGWa7k8mzKTGKaDGQoIPBBwSR70nirQ9K1QW9tqVg8upeQJJ7qyAEkfbcR/EN2eOeBXRSx7WlRfMWjvpax4dRXTa74HvtKtzfWTjUdMOSLmBTlR/tr1U/mPp0rma9KE4zV4u6JaaFrovAd4bPxhZc4WYmFvfcP8QK50d6taVMbbVrKYdY50b8mFc+OpKrhp0+6ZdKXLNPzPfaKcep+tNr8UejPpgooooGFFFFABS0lFABTqbRQBiav4YttQzLb4gnPJIHyt9R/UfrXG31hcadN5V1EUbsezfQ969NqO4tIbyForiNZI26qR/nmvWwea1KFoz1j+J42NyilXvKHuy/A8uoIxXRav4SltszWG6aLvGeXX6eo/WudIKkgggg4IPavpqGJp1481N3/ADPlcRhauHly1FYSiiiug5gooooAWlpKWkAhpKU0lMAooooAWus8O6BYzwrdSypdP/cH3UPuO5+vH1rkqntryaymWW1laOQdweD9fUVy4ujUrU3GnKz/ADOzBVqdGqpVI8yPUBgKABgDoB2pM5rn9I8VwXW2K+2wTHgN/A3+BroOuCvQ9K+Nr4epQly1Efb4fEUq8eamwooornOkKKKWgBKKKKACiiigAooooAK8c+IJJ8Z3nsseP++BXsleP/EaMx+MJz/fijYf984/pX1fCDSxsr/yv9Dz8x/hL1OWooor9KPDCiiigBalitZ7iOWSGF3jiG52UZ2jIH8yB+NQ1raV4m1DRtPu7OzkCw3Y2ygk56Ecf3TznI54HaplzJe6VG3UyaKKKokKKKKACiiigDSl1y6m0KHSG8v7NC5kUhfmJPqe46cewrPUlWDKSrA8MDyKSikopbDuzs9B+Jmp6W0MeqIuqW0TZTzv9bGemVb1wSOc/UV2+l6hYeJLqW6090vTNIJHjLeTd2p4Hyn+JQB2P514pUkE0ltOk1vI8UqHKuhKlT7EVy1sHCpqtGVzX+I+h9f1SWyKxWMyQrE4e7YRbzGjZw23jIJByRyK5XWfhvD4jsXvrKKLTtS3NuROILjHRgP4Qwwcj15B61gaL8QYL9o7bxUJQdvlDULclX2/3ZAPvA+o/LvXc6/Nay6ZaW9s0P8AZqxpNbTGTMMxXjymPTBXBBJ6j2rzZRq4aTZbk7uT1XRHh+paXeaNevZ6hbvbzp1VhwfcHuD6iq8RImQjqGBFe7zaRpOr+FR/bsgFnIfMtHlO2W3VgMKGPJOc+uRjrXlWteD7rRL+2eORbzTriVVhu4vutk4AOPut7fl6V3wxcalNqWjsJRu00eyen0pKceCR6cU2vxmXxM+mWwUUUUhhRRRQAUUUUAFFFFABRRRQAVla1odlfxPNMVt5VGTMOB+PrT9V1610oFWPmz44iQ8j6+lcTqesXeqy5uHxGDlY14Uf4n3Nevl2CxE5KpF8q79zxcyx2HhF05JSfbsVJUWOV0V1kVTgMvRvzplFFfWLRHxzd3oFFFFMQtLSUtIBDSUppKYBRRRQAUUUUAFa+leIrrS8Rk+dbj/lmx6fQ9qyKOayq0adaLjNXRtRrzoy5qbsz0rTtWtdTi320mWAyyHhl/D+tXa8rilkgkWSF2SRTkMpwRXV6R4vV8Q6kArdBMo4P+8O31FfN4zKJ07zpart1PqMDnUKloVtH36HU0UiOsiB0ZWRhkMDkGlrxGmtGe6nfVBSUUUDCiiigApaSigA7V5l8VbUx6vZXIHEsBQn3Vv8GFenVx/xMsDdeG1uVGWtJQxx/db5T+uK9zh3EKhmEG9np95yYyHPSfkeT0lTW9rPdOy28TyMFLEIM4AGT+QBP4VY0jUZNH1a3vUVi0Dhimcbsfwn2PSv1hvtufPpFeWB7W7e3ukaOSN9kikcrjr+Ip9+lol/KunSTSWgP7tplAYj3A981e8SeIrjxNqYvblBGxQKY0PyAjqR6Z685571k0o8zSb0Y3ZbCUU50ZMblK7lDDI6g9/pTaokKKKKACt3S9Y0+y8P39ldabHcXVxjypyP9XjkZ555z0xjvnpVW21RIdDudN+wQSyXEistwVzJHjsPzP51Rubaa0naC5ieGVfvI42kfgalrm0ZSdtiMAngAk+1FbPhvXIdBv5Li4sYb1HjMYjkA4zwTkg4+UkYHXPNZMr+ZM74UbmJwAFA/AcD6ChN3atoFtCOiiiqJCiiigAre8NeL9R8MTn7MyzWbn97ay8o/wDgfcfjmsNFZmCqCzHoAMk0lTKMZKzV0Um09D3ew1+28UTWWqaTD9rNsjLLZM6rJCzYwwBOCOCM+h49K17LT5LXSLw3sUQkupmmaEYZY84wOnJ4Bz61896bqd3o99He2E7QXER+VlPX1B9QfQ17V4b8ar4u0Y74DDdwMonUDKHPQqfQ4PHUYr57NqX1XDzqp6WOvDJTqK+5q02iivy098KKKKACiiigAooooAKWjHrWJq/ia207MUOJ7gfwg/Kv1P8AQfpW1GhOvLlpq5hXxFOhHmqOxrT3MNnCZbiRY4x1Zj/nmuR1fxbLcbodPDRR95Twx+np/P6Vi32o3OpTeZdyFz2XoF+gqrX0uDyiFK06ur7dD5bG5zUq3hS0X4sUkkkkkknJJ70lFFezseJe4UUUUCCiiigBaWkpaQCGkpTSUwCiiigAooooAKKKKACiiigDR0zW7vSn/cvuiJy0T/dP+B+ldppeu2mqLiNvLmxzE55/D1FedU4EoQykhgcgg4IrzsZltLEa7S7np4PNK2Gst49j1TigZrkNI8WyRYh1EGRO0wHzD6+v8/rXWQ3EdzCJYJFkjboymvl8Tg6uGlaa07n1mFx1LFK8Hr2H0UtJXIdoUUtFABUF9aR6hYXFpN/q54zG3tkf061PRVwk4SUluhNJqzPEdM1jVPB2q3aWrCO4XMEocEg4Pp6nHXsDxjNY7u0js7FizHJJOSa7v4maEYbmPWIF/dy4jnwOjDofxHH4VwVfsWV4uGMw8a8d2tfVHzdeDpzcHsJTlLBwVJDA8Ec4NNq9o+pto+pxXqQQztFkiOZdyn0yPY4PGOnWu93toYou+IvEsviJrUyW8MAt4/LVYgBuA6E8dccenoBWLUlzP9pupZtiJ5jFgqAALnsMdh0oMEotluDG3ks5jD44LAAkfUAg/jSSUUktBu7ZFRRRVEihiCCOoORUs0093NJcXEkk0hILyOSxPYZJ/Koq6bRvEWm2Hhq+0+606Ge5uc7JjECF28pu5+b5ifTHv0qZtxV0rlRSfU5iiiiqJCiiigAooooA3fCeuWnh/VjeXtml4qodkZUE7+gwx+7wT6+mO9ZuqzxXOpTT20KwW8jFoUWPYAmcDj2xjvyDSW2m3l3DNNbW00scI3OyISByB/MjitHW/Ebaxp9jaGzgg+xps3xooMnTrgcfNk4GBz0zWdkpXj89TS+hW1G50yXT7FLGzeC5iQi5kZ8iQ9cj06kfgK9U8CaSdK8MQ+Yu2a5PnyA9Rn7o/BcfnXm3hDQm1/XYoWUm2iPmzn/ZHb8Tx+de2DA4AAA4AHavieLcclGOEg/N/wCR6WX0nrUfyEooor4Q9YKKKKACiilJABJIAA5J7UCuJUF7f22nQmW6lVF7DqW+g71i6v4thtsxWG2aYcFzyq/4n9K5C5upr2Yy3MjSSN1JPT/AV7GDymdW0qmiPExucU6N40tX+CNfV/E9zf5itt0EB64PzN9T2+grDxSUfWvpqNCFCPLTVj5aviKleXNUdwooorYwCiiigAooooAKKKKAFpaSlpAIaSlNJTAKKKKACiiigAooooAKKKKACiiigBelWrDU7nTJfMtpCufvIfut9RVXmk61M4RqJxkrpmkKkqbUoOzR32keJbbUtscuILg/wseG+h/pW1Xk9b+keKp7LEV5meAdCT8yfj3Hsfzr57GZNa86H3H0eCzu9oYj7/8AM7elqC0vbe/hEttKsid8dR9R2NTV4E4Sg7SVmfRQnGa5ou6ClopKksgv7GDUrCazul3QzKVYenv9R1/CvDtb0e40LVZbK5GSpyjgcOp6MP8APWveOtYnirw1D4k03y/lS7iBMEp7H+6fY/p1r6Ph7OPqFbkqP3Jb+T7nFjMP7WN1ujxPFJU13aT2N3JbXUbRTRHayt1H/wBb3qI1+oxlGcVKLumeC007MSujuPGl5ceE49CZAI0A/fbvnbk5B/2cEDHXgcmucpc0SipWuthptCUUUUyQooooAWr2jHTl1SJtYWZrIZMiwnDHjjH1OB2+tUKKTV1YadiWfyvPk+z7vKDHy9xySvbPvj6VestHW70e91A3tvEbUqBC5IeTPXaO/b+uOtWfD2j6fqkN81/qQs3hizCpUHzG6gDkZOARj3HNYnGeOnYkUr30T2K2NHRrvTrSS4OqWJu0eEpGocrsc/xfhz/iKTQ7fTbrUNmr3T2ltsY+Yi7sNjgY9M4/L8as+Gr7SbC9lk1qya7hMRRQpOVLcE9QMYLH1yBjBrIkKtI5RVVSThQSQB+PP50rXbWq8w2Rpafr9/pNreWljPst7sFZQRyy4I/DrnI9ucVmxxvNIkUas8jkKqgcknp+Jppr1DwH4POnhdV1KPF0w/cRMP8AVA/xH/aP6D3rz8zzGll9F1JbvZdWzWhSlWko9Dc8JeHV8O6MsLBTdSnfOw9f7v0HT8zW50FFFfkmJxE8RVlVqO7Z9BCChFRWyEooorA0Cikd1hRnkYIgGSxPArl9X8Xhcw6YMnoZ2HA/3R/U/lXTh8JVxErU18zkxOMpYaPNUfyNzUtXtdKi3XEnzkZWNeWb/wCt7muL1bxDdaoSmfKt88Rqev1Pes2WV5pDJM7O7HlmOSabxX1GDyulh7SlrI+Uxua1cReK0iJRRRXpnkhRRRQAUUUUAFFFFABRRRQAUUUUALS0lLSAQ0lKaSmAUUUUAFFFFABRRRQAUUUUAFFFFABRRRQAUUUUAT2t3PYzCW2laNx3HQ/X1FdhpHiuC72xX22Cc9G/gb/A/X864il69K48VgaWJXvLXo0d+Ex9XDP3Xddj1WiuA0rxFdaXtjYma3HHlseR9D2+ldpp+qWupx77aTLAZZDwy/Uf1r5bF5fVwzu1ddz6vB5lSxKsnZ9i3RRRXAekYPinwla+JLcNkQ3sYxHMB1/2W9R/KvIdS0y70i8a1v4WimXkZ5DD1B7g177VHVtGstbtDb6hCJE6qw4ZD6g9jX02TcQ1MDalV96H4r0ODE4NVfejozwWiut8QfD7UdKLTWAa9tRzlB+8Ue69/qPyFckcgkHgg4IPav0XCY2hi4c9GSf5/ceNUpTpu0kJRRRXUZhU0du0ltNMJIlEWMqz4ZsnHA74/SoaKBhRRRTEFFFFIDS0WbS4bqU6xbyzwtEyoImwQ54B+nJP4CqCRtNMscKMzucKijJPsPWtjQ/Ceqa84a2hMdvnmeUbUH0/vH6V6j4d8I6f4dQPCvnXZGGuHHP/AAEfwj9fevBzTPsNgbpPmn2T2OyhhZ1baWRieD/AYsCmoawitdD5ooDyIvc+re3b613IOabS9K/Ncdj62OqurVfouiPbpUY0o2iFFJUdxcw2sJluJFjjXqzHFccYuTskXKSirt2RLWZq2vWmlgq7eZPjiJDz+PoKwdX8XSzZh0/dFH3lPDH6en8/pXNEksSSSSckk5zXu4PJ5StOtoux8/js6UbwoavuX9S1m71V8zviIHKxLwo/xPuaoc0lLyK+ip0o04qMFZHzVSrOrLmm7sSiiitDIKKKKACiiigAooooAKKKKACiiigAooooAWlpKWkAhpKU0lMAooooAKKKKACiiigAooooAKKKKACiiigAooooAKKKKAF6U6GaS3lEsLskinhlOMUyl6Umk1ZlJuLutzrtI8XLJiHUgFboJlHB+o7fUV0yusiK8bKykZDA5BryvrWhpet3elP+5bdETzE/Q/4H6V4eMyeM7zo6Pse/gc6lC0K+q7notHFZ+l65aaqoETbJscxOeR9PUVoV85VpTpS5ZqzPpqdWFaKlB3Q6sbWPCuka3lry1USn/lrH8j/mOv45rYo61VHEVaEuelJp+RU4RmrSVzzXUPhZcKxbTL5JV7JONp/Mcfyrm7vwfrtlnzdNmZR/FEPMH6V7bxThX0WH4sxtJWqWkvPc455fSlqtD57ltbiFsTQTRn0dCP51DX0U3PXn61H5MP8Azyj/AO+RXpR40096j+P/AADB5Z2kfPixSSECON3J6BVJrRtfDWs3uPs+mXTA/wARjKj8zXuoAT7oC/QYoyfWs6nGdRr93SS9WNZausjyrT/hjqs5BvZ4LRO4B8xvyHH611+keAdF0plkeJryZf45+QPovT88101FeJi+IMdik1Kdk+i0Oqng6UNlcAAAAAAAMAAdKSiivEbvudQU6q17f22nwmW6lVF7A9W+g71x2r+Kbi+zFbboIDwcH5n+p7D2FduFwFXEv3VZdzgxeYUcMved32N/V/E1tp26KHE9wP4QflX6n+g/SuMvtSudSm8y6kLEdFHCr9BVWl4r6nCZfSwyuld92fJ4zMauJdpOy7CUUUV3HnhRRRQAUUUUAFFFFABRRRQAUUUUAFFFFABRRRQAUUUUALS0lLSAQ0lKaSmAUUUUAFFFFABRRRQAUUUUAFFFFABRRRQAUUUUAFFFFABRRRQAUUUUAKrMrKykqynIYHkV0+k+LnixDqILp0EwHzD6jv8Az+tcxSdK5sRhaWIjyzXzOrD4urh5c1N/LoepwzRXMKywSLIjDhlPWn15pYandaZNvtpCoJ+ZDyrfUV2mk+JLXUsRviC4PGxjw30P9K+ZxmV1MPeUdYn1WCzaliLRnpI16KdTa8o9gWkpaSgAooooAOlAo6VU1LVrXS491zJ85GVjXlm/z61cKcqkuWKuzKpUjTjzTdkXOikngDqT2rntX8WQ2u6Kx2zTDq55Rf8AE/pXP6t4hutUymfJt+0anr9T3rK619Fg8mStOtq+x83jc7bvChou5Nc3M97MZbqRpJD3J6f4CoKKOle7GKikoqyR8/KTk7yd2FFFFUQFFFFABRRRQAUUUUAFFFFABRRRQAUUUUAFFFFABRRRQAUUUUALS0lLSAQ0lKaSmAUUUUAFFFFABRRRQAUUUUAFFFFABRRRQAUUUUAFFFFABRRRQAUUUUAFFFFABRRRQB0Gk+KbiyxFeZnhHRs/Ov8AiPr+ddhaXsF9CJbaVZEPXHb6jsa8vqe0vbixmEttKY3HXHQ/X1FeRjMpp1ryp6P8Ge1gs4qUbRqe9H8Uen0tc/pHiqC72xXu2CY9Gz8jf4H6/nW/XzNfD1KEuWorH1WHxNPER5qbuFJJIsaF5GCooyWJwBWdqmvWmlAq7eZPjiJDz+PoK4vU9au9Vf8AfvtjB+WJeFH+J9zXZhMsq4i0npHucWMzSlhrxWsuyN3VvFwy0OmjJ7zsOn0H9TXKyySTytJK7PIxyWY5JplLj0r6fDYSlh1aC+Z8nisbVxMrzenYSiiiuo5AooooAKKKKACiiigAooooAKKKKACiiigAooooAKKKKACiiigAooooAKKKKAFpaSlpAIaSlNJTAKKKKACiiigAooooAKKKKACiiigAooooAKKKKACiiigAooooAKKKKACiiigAooooAKKKKACtG216/tbVreG4YRkYGeSv0Pas6lBx2qJ04VNJJM1p1Z09YNoCS5LMSWJyST1pKKKuxm3cKKKKBBRRRQAUUUUAFFFFABRRRQAUUUUAFFFFABRRRQAUUUUAFFFFABRRRQAUUUUAFFFFAC0tJS0gENJSmkpgFFFFABRRRQAUUUUAFFFFABRRRQAUUUUAFFFFABRRRQAUUUUAFFFFABRRRQAUUUUAFFFFABRRRQAUUUUAFFFFABRRRQAUUUUAFFFFABRRRQAUUUUAFFFFABRRRQAUUUUAFFFFABRRRQAUUUUAFFFFAC0tJS0gENJT3A8xuO9NNAMSilooASilooASilooASilooASilooASilooASilooASilooASilooASilooASilooASilooASilooASilooASilooASilooASilooASilooASilooASilooASilooASilooASilooASilooASilooASilooASilooASilooASnUlaUcaeWvyr0HagaVz/2Q==');

-- Inserta datos de ejemplo en la tabla career.
INSERT INTO career(career_name) VALUES
('Computer Science'),
('Mechanical Engineering');

-- Inserta datos de ejemplo en la tabla studies.
INSERT INTO studies(id_career, ci_student) VALUES
(1, '76543210'),
(2, '87654321');

-- Inserta datos de ejemplo en la tabla championship.
INSERT INTO championship(name, start_date, end_date, description) VALUES
('Championship 1', '2024-01-01 10:00:00', '2024-01-15 18:00:00', 'First championship of the year'),
('Championship 2', '2024-05-01 10:00:00', '2024-05-15 18:00:00', 'Second championship of the year');

-- Inserta datos de ejemplo en la tabla stage.
INSERT INTO stage(name) VALUES
('Quarter Finals'),
('Semi Finals'),
('Finals');

-- Inserta datos de ejemplo en la tabla stage_for_championship.
INSERT INTO stage_for_championship(idStage, idChampionship) VALUES
(1, 1),
(2, 1),
(3, 1),
(1, 2),
(2, 2),
(3, 2);

-- Inserta datos de ejemplo en la tabla team_participation.
INSERT INTO team_participation(idTeam, idChampionship) VALUES
(1, 1),
(2, 1),
(3, 1),
(4, 1),
(1, 2),
(2, 2),
(3, 2),
(4, 2);

-- Inserta datos de ejemplo en la tabla championshipMatch.
INSERT INTO championshipMatch(idTeamA, idTeamB, matchDate, idStage, idChampionship, resultTeamA, resultTeamB) VALUES
-- Championship 1 matches
(1, 2, '2024-01-02 15:00:00', 1, 1, 5, 7),
(3, 4, '2024-01-03 15:00:00', 1, 1, 1, 4),
(1, 3, '2024-01-04 15:00:00', 2, 1, 2, 45),
(2, 4, '2024-01-05 15:00:00', 2, 1, 70, 1),
(1, 4, '2024-01-10 15:00:00', 3, 1, 278, 1),
-- Championship 2 matches
(1, 2, '2024-09-02 15:00:00', 1, 2, NULL, NULL),
(3, 4, '2024-09-03 15:00:00', 1, 2, NULL, NULL),
(1, 3, '2024-09-04 15:00:00', 2, 2, NULL, NULL),
(2, 4, '2024-09-05 15:00:00', 2, 2, NULL, NULL),
(1, 4, '2024-09-10 15:00:00', 3, 2, NULL, NULL);

INSERT INTO predictions(teamA, teamB, matchDate, idchampionship, predictionResultTeamA, predictionResultTeamB, scoreObtained, idstage, matchId, ci) VALUES
-- Championship 1 predictions for user 76543210
(1, 2, '2024-01-02 15:00:00', 1, 3, 2, 5, 1, 1, '76543210'),
(3, 4, '2024-01-03 15:00:00', 1, 1, 1, 10, 1, 2, '76543210'),
(1, 3, '2024-01-04 15:00:00', 1, 2, 2, 5, 2, 3, '76543210'),
(2, 4, '2024-01-05 15:00:00', 1, 0, 1, 0, 2, 4, '76543210'),
(1, 4, '2024-01-10 15:00:00', 1, 2, 1, 10, 3, 5, '76543210'),
-- Championship 1 predictions for user 87654321
(1, 2, '2024-01-02 15:00:00', 1, 2, 2, 0, 1, 1, '87654321'),
(3, 4, '2024-01-03 15:00:00', 1, 0, 1, 0, 1, 2, '87654321'),
(1, 3, '2024-01-04 15:00:00', 1, 3, 3, 5, 2, 3, '87654321'),
(2, 4, '2024-01-05 15:00:00', 1, 2, 2, 0, 2, 4, '87654321'),
(1, 4, '2024-01-10 15:00:00', 1, 3, 1, 10, 3, 5, '87654321'),
-- Championship 2 predictions for user 76543210
(1, 2, '2024-09-02 15:00:00', 2, 1, 1, NULL, 1, 6, '76543210'),
(3, 4, '2024-09-03 15:00:00', 2, 2, 0, NULL, 1, 7, '76543210'),
(1, 3, '2024-09-04 15:00:00', 2, 0, 3, NULL, 2, 8, '76543210'),
(2, 4, '2024-09-05 15:00:00', 2, 1, 2, NULL, 2, 9, '76543210'),
(1, 4, '2024-09-10 15:00:00', 2, 3, 3, NULL, 3, 10, '76543210'),
-- Championship 2 predictions for user 87654321
(1, 2, '2024-09-02 15:00:00', 2, 0, 0, NULL, 1, 6, '87654321'),
(3, 4, '2024-09-03 15:00:00', 2, 1, 1, NULL, 1, 7, '87654321'),
(1, 3, '2024-09-04 15:00:00', 2, 1, 2, NULL, 2, 8, '87654321'),
(2, 4, '2024-09-05 15:00:00', 2, 3, 1, NULL, 2, 9, '87654321'),
(1, 4, '2024-09-10 15:00:00', 2, 2, 2, NULL, 3, 10, '87654321');

-- Inserta datos de ejemplo en la tabla predict_first.
INSERT INTO predict_first(idTeam, ci, idChampionship) VALUES
(1, '76543210', 1),
(2, '87654321', 1),
(1, '76543210', 2),
(2, '87654321', 2);

-- Inserta datos de ejemplo en la tabla predict_second.
INSERT INTO predict_second(idTeam, ci, idChampionship) VALUES
(2, '76543210', 1),
(3, '87654321', 1),
(2, '76543210', 2),
(3, '87654321', 2);
-- Campeonato 1
INSERT INTO points (ci, idChampionship, points) VALUES
('12345678', 1, 10),
('76543210', 1, 6),
('87654321', 1, 8),
('00000001', 1, 12),
('00000002', 1, 14),
('00000003', 1, 5),
('00000004', 1, 7),
('00000005', 1, 9),
('00000006', 1, 11),
('00000007', 1, 13),
('00000008', 1, 15),
('00000009', 1, 16),
('00000010', 1, 17),
('00000011', 1, 18),
('00000012', 1, 19),
('00000013', 1, 20),
('00000014', 1, 21),
('00000015', 1, 22),
('00000016', 1, 23);

-- Campeonato 2
INSERT INTO points (ci, idChampionship, points) VALUES
('12345678', 2, 5),
('76543210', 2, 8),
('87654321', 2, 7),
('00000001', 2, 3),
('00000002', 2, 9),
('00000003', 2, 6),
('00000004', 2, 4),
('00000005', 2, 10),
('00000006', 2, 11),
('00000007', 2, 2),
('00000008', 2, 1),
('00000009', 2, 14),
('00000010', 2, 13),
('00000011', 2, 12),
('00000012', 2, 15),
('00000013', 2, 16),
('00000014', 2, 17),
('00000015', 2, 18),
('00000016', 2, 19);

select ci, points from points where points.idChampionship =2  order by points desc ;

SELECT p.matchId AS matchId, tA.name AS teamAName, tB.name AS teamBName, cm.matchDate, ch.name AS championshipName, st.name AS stageName, p.predictionResultTeamA, p.predictionResultTeamB, p.scoreObtained FROM predictions p JOIN student s ON p.ci = s.ci JOIN championshipMatch cm ON p.idchampionship = cm.idChampionship AND p.idstage = cm.idStage AND p.teamA = cm.idTeamA AND p.teamB = cm.idTeamB AND p.matchDate = cm.matchDate JOIN team tA ON p.teamA = tA.id JOIN team tB ON p.teamB = tB.id JOIN championship ch ON p.idchampionship = ch.id JOIN stage st ON p.idstage = st.id WHERE p.ci = ? AND p.idchampionship = ?;

INSERT INTO admin(ci) VALUES ('76543210');